{"sleep_efficiency": 0.8588542920712294, "deep_sleep_ratio": 0.3071897249114268, "sfi": 3.455342463076187, "hrv_rmssd": 40.91148398266203, "timestamp": "2026-07-03T06:00:00"}