{"sleep_efficiency": 0.8522391524964928, "deep_sleep_ratio": 0.2721771434278069, "sfi": 4.516015623290899, "hrv_rmssd": 47.416551030664216, "timestamp": "2026-08-01T06:00:00"}