{"sleep_efficiency": 0.9185043863967747, "deep_sleep_ratio": 0.32152239263606824, "sfi": 4.518518045593956, "hrv_rmssd": 52.35148279896318, "timestamp": "2026-07-17T06:00:00"}