{"sleep_efficiency": 0.9239389409679392, "deep_sleep_ratio": 0.27444871554598466, "sfi": 4.236082843128904, "hrv_rmssd": 41.325231412272615, "timestamp": "2026-08-14T06:00:00"}