{"sleep_efficiency": 0.8028394144558608, "deep_sleep_ratio": 0.28914478569534585, "sfi": 4.851248415021816, "hrv_rmssd": 49.6487423674533, "timestamp": "2026-07-21T06:00:00"}