{"sleep_efficiency": 0.8898609145623864, "deep_sleep_ratio": 0.2453088659154992, "sfi": 4.453817211932224, "hrv_rmssd": 47.93644222851673, "timestamp": "2026-07-09T06:00:00"}