{"sleep_efficiency": 0.9554146515800582, "deep_sleep_ratio": 0.2759690653586794, "sfi": 6.131181151971251, "hrv_rmssd": 53.627682269386376, "timestamp": "2026-07-14T06:00:00"}