{"sleep_efficiency": 0.8855484893150626, "deep_sleep_ratio": 0.318698643996531, "sfi": 5.2577724197318485, "hrv_rmssd": 50.819150642273804, "timestamp": "2026-07-19T06:00:00"}