{"sleep_efficiency": 0.792342573018218, "deep_sleep_ratio": 0.3079891766372217, "sfi": 5.235359608770934, "hrv_rmssd": 56.436660200961114, "timestamp": "2026-07-06T06:00:00"}