{"sleep_efficiency": 0.9519805118231102, "deep_sleep_ratio": 0.3039244884443536, "sfi": 4.658160966883785, "hrv_rmssd": 46.58070517032778, "timestamp": "2026-08-15T06:00:00"}