{"sleep_efficiency": 0.8558828609439376, "deep_sleep_ratio": 0.33792623642314357, "sfi": 5.513005983008885, "hrv_rmssd": 52.27539197168886, "timestamp": "2026-07-06T06:00:00"}