{"sleep_efficiency": 0.895797263515838, "deep_sleep_ratio": 0.27943113343950854, "sfi": 6.12741831228983, "hrv_rmssd": 43.64529681007039, "timestamp": "2026-07-02T06:00:00"}