{"sleep_efficiency": 0.8722644068347444, "deep_sleep_ratio": 0.2795969592511414, "sfi": 3.9204457897690963, "hrv_rmssd": 42.61024137712238, "timestamp": "2026-08-15T06:00:00"}