{"sleep_efficiency": 0.872491345740293, "deep_sleep_ratio": 0.2662067508024172, "sfi": 5.127436636447783, "hrv_rmssd": 54.05567984303127, "timestamp": "2026-07-14T06:00:00"}