{"sleep_efficiency": 0.924694052277566, "deep_sleep_ratio": 0.3511636997434319, "sfi": 3.234375706568132, "hrv_rmssd": 44.05850626992489, "timestamp": "2026-08-11T06:00:00"}