{"sleep_efficiency": 0.8667739745672671, "deep_sleep_ratio": 0.283344275179778, "sfi": 3.806901168135377, "hrv_rmssd": 50.16426999010517, "timestamp": "2026-07-29T06:00:00"}