{"sleep_efficiency": 0.9163316159599603, "deep_sleep_ratio": 0.307914625420165, "sfi": 5.680464536682251, "hrv_rmssd": 48.671753552322535, "timestamp": "2026-08-09T06:00:00"}