{"sleep_efficiency": 0.9637949976101698, "deep_sleep_ratio": 0.3620079367662644, "sfi": 5.408927021750975, "hrv_rmssd": 38.981660400923445, "timestamp": "2026-07-06T06:00:00"}