{"sleep_efficiency": 0.8389901904565178, "deep_sleep_ratio": 0.32939192098840536, "sfi": 5.915501016881289, "hrv_rmssd": 57.75711154962334, "timestamp": "2026-07-20T06:00:00"}