{"sleep_efficiency": 0.8566676333977506, "deep_sleep_ratio": 0.2989074056673372, "sfi": 4.992659336619087, "hrv_rmssd": 53.07606802890041, "timestamp": "2026-08-03T06:00:00"}