{"sleep_efficiency": 0.9229415801712384, "deep_sleep_ratio": 0.2995091648054847, "sfi": 5.685593041794085, "hrv_rmssd": 50.48033487581585, "timestamp": "2026-07-18T06:00:00"}