{"sleep_efficiency": 0.8704807318171279, "deep_sleep_ratio": 0.2884217647224172, "sfi": 5.625918657403365, "hrv_rmssd": 51.50071942545492, "timestamp": "2026-07-15T06:00:00"}