{"sleep_efficiency": 0.8386038971369697, "deep_sleep_ratio": 0.27836072813105883, "sfi": 3.148801057990505, "hrv_rmssd": 43.30102014354244, "timestamp": "2026-08-18T06:00:00"}