{"sleep_efficiency": 0.8583914351228557, "deep_sleep_ratio": 0.2850271042958114, "sfi": 4.307300196340344, "hrv_rmssd": 53.4979302610708, "timestamp": "2026-08-10T06:00:00"}