{"sleep_efficiency": 0.9048790529100708, "deep_sleep_ratio": 0.2791489706154724, "sfi": 5.487230215327467, "hrv_rmssd": 53.50498502990129, "timestamp": "2026-07-09T06:00:00"}