{"sleep_efficiency": 0.8852636163707198, "deep_sleep_ratio": 0.2700034252812597, "sfi": 5.006237325201542, "hrv_rmssd": 50.84338553337103, "timestamp": "2026-07-23T06:00:00"}