{"sleep_efficiency": 0.8410193354811576, "deep_sleep_ratio": 0.2292011629368262, "sfi": 5.994279126263907, "hrv_rmssd": 47.23838037296328, "timestamp": "2026-08-06T06:00:00"}