{"sleep_efficiency": 0.8611604108467125, "deep_sleep_ratio": 0.3521962829383006, "sfi": 3.490234034117858, "hrv_rmssd": 54.719057674584406, "timestamp": "2026-07-08T06:00:00"}