{"sleep_efficiency": 0.9062026549908403, "deep_sleep_ratio": 0.30778000895508234, "sfi": 5.089183441197839, "hrv_rmssd": 59.17453535883948, "timestamp": "2026-08-06T06:00:00"}