{"sleep_efficiency": 0.9009443262346184, "deep_sleep_ratio": 0.3608122038928787, "sfi": 5.888675742926397, "hrv_rmssd": 53.8152580349098, "timestamp": "2026-07-31T06:00:00"}