{"sleep_efficiency": 0.8655365544963897, "deep_sleep_ratio": 0.3129529641373002, "sfi": 5.95249263322485, "hrv_rmssd": 47.23160324381153, "timestamp": "2026-07-09T06:00:00"}