{"sleep_efficiency": 0.8853670497759455, "deep_sleep_ratio": 0.2801604119507181, "sfi": 5.823394660823528, "hrv_rmssd": 41.266994622420796, "timestamp": "2026-07-23T06:00:00"}