{"sleep_efficiency": 0.841239817966456, "deep_sleep_ratio": 0.3114974042917628, "sfi": 6.198192424590307, "hrv_rmssd": 45.15695865818808, "timestamp": "2026-07-13T06:00:00"}