{"sleep_efficiency": 0.932141313096354, "deep_sleep_ratio": 0.22988020540088971, "sfi": 5.376235758739472, "hrv_rmssd": 50.90976578071781, "timestamp": "2026-07-12T06:00:00"}