{"sleep_efficiency": 0.8584930394243218, "deep_sleep_ratio": 0.2474837637392289, "sfi": 4.676087460821164, "hrv_rmssd": 50.64924307545998, "timestamp": "2026-07-24T06:00:00"}