{"sleep_efficiency": 0.8724980652583483, "deep_sleep_ratio": 0.27465055588547005, "sfi": 4.107801964116388, "hrv_rmssd": 48.82852480848281, "timestamp": "2026-07-19T06:00:00"}