{"sleep_efficiency": 0.8644913118711783, "deep_sleep_ratio": 0.2619072261920104, "sfi": 4.2832791484659865, "hrv_rmssd": 46.53013337767937, "timestamp": "2026-08-19T06:00:00"}