{"sleep_efficiency": 0.8785784472111877, "deep_sleep_ratio": 0.33802742743453973, "sfi": 5.06567571680534, "hrv_rmssd": 44.76850182989172, "timestamp": "2026-07-05T06:00:00"}