{"sleep_efficiency": 0.8412999925144865, "deep_sleep_ratio": 0.2556073620072683, "sfi": 5.308374281897789, "hrv_rmssd": 51.814726951539626, "timestamp": "2026-07-12T06:00:00"}