{"sleep_efficiency": 0.8951281245405651, "deep_sleep_ratio": 0.32409348480174255, "sfi": 4.89463451653856, "hrv_rmssd": 46.01346930514278, "timestamp": "2026-07-27T06:00:00"}