{"sleep_efficiency": 0.9058321812647748, "deep_sleep_ratio": 0.3702357005996165, "sfi": 5.0785368986954875, "hrv_rmssd": 47.01622484790864, "timestamp": "2026-07-26T06:00:00"}