{"sleep_efficiency": 0.893685944893589, "deep_sleep_ratio": 0.26663833337794984, "sfi": 6.963094730580826, "hrv_rmssd": 52.18521387413349, "timestamp": "2026-07-25T06:00:00"}