{"sleep_efficiency": 0.8885440320524424, "deep_sleep_ratio": 0.33349128126653377, "sfi": 5.32396767042983, "hrv_rmssd": 48.825551539784236, "timestamp": "2026-07-22T06:00:00"}