{"sleep_efficiency": 0.8566671987813694, "deep_sleep_ratio": 0.29443458745436185, "sfi": 4.102148168972809, "hrv_rmssd": 52.54091041565766, "timestamp": "2026-08-17T06:00:00"}