{"sleep_efficiency": 0.850986482496654, "deep_sleep_ratio": 0.2517495148440713, "sfi": 3.4997838450533667, "hrv_rmssd": 53.37195310207009, "timestamp": "2026-08-11T06:00:00"}