{"sleep_efficiency": 0.8685289817069379, "deep_sleep_ratio": 0.2615954285819451, "sfi": 4.945010900416557, "hrv_rmssd": 51.87627483551666, "timestamp": "2026-08-14T06:00:00"}