{"sleep_efficiency": 0.9189237537643279, "deep_sleep_ratio": 0.3589705371305438, "sfi": 5.095159535739594, "hrv_rmssd": 53.56007339013616, "timestamp": "2026-08-07T06:00:00"}