{"sleep_efficiency": 0.9275450642920506, "deep_sleep_ratio": 0.2914909123918537, "sfi": 4.7451192636038355, "hrv_rmssd": 48.52860078114273, "timestamp": "2026-07-01T06:00:00"}