{"sleep_efficiency": 0.8891599488816867, "deep_sleep_ratio": 0.39485145772566366, "sfi": 4.752009612000112, "hrv_rmssd": 59.04470594203865, "timestamp": "2026-07-12T06:00:00"}