{"sleep_efficiency": 0.9238868225485098, "deep_sleep_ratio": 0.2963479948573945, "sfi": 5.954707159289982, "hrv_rmssd": 48.81567149276215, "timestamp": "2026-07-11T06:00:00"}