{"sleep_efficiency": 0.9155933886951241, "deep_sleep_ratio": 0.29218880189099705, "sfi": 5.18353896017084, "hrv_rmssd": 49.71469469612751, "timestamp": "2026-08-15T06:00:00"}