{"sleep_efficiency": 0.8731488148413884, "deep_sleep_ratio": 0.32557062215878063, "sfi": 4.5333046272213835, "hrv_rmssd": 48.11273786655271, "timestamp": "2026-07-10T06:00:00"}