{"sleep_efficiency": 0.8483621937678291, "deep_sleep_ratio": 0.3128350172219343, "sfi": 4.0830216234955445, "hrv_rmssd": 46.83455729390706, "timestamp": "2026-07-11T06:00:00"}