{"sleep_efficiency": 0.8560757286813994, "deep_sleep_ratio": 0.29352253758692953, "sfi": 4.894983076740533, "hrv_rmssd": 52.187686679389074, "timestamp": "2026-08-02T06:00:00"}