{"sleep_efficiency": 0.8764498587951471, "deep_sleep_ratio": 0.2764791739084491, "sfi": 6.317681396251944, "hrv_rmssd": 49.54072308855768, "timestamp": "2026-07-04T06:00:00"}