{"sleep_efficiency": 0.9662214143265726, "deep_sleep_ratio": 0.282362119136437, "sfi": 5.716744350093442, "hrv_rmssd": 45.14672613228911, "timestamp": "2026-07-15T06:00:00"}