{"sleep_efficiency": 0.9071220849305827, "deep_sleep_ratio": 0.26952008545574935, "sfi": 4.6610610459111665, "hrv_rmssd": 43.93355587634559, "timestamp": "2026-07-21T06:00:00"}