{"sleep_efficiency": 0.9064392693373116, "deep_sleep_ratio": 0.33558723818843406, "sfi": 6.131016363231106, "hrv_rmssd": 46.29197269177846, "timestamp": "2026-07-13T06:00:00"}