{"sleep_efficiency": 0.9126140258169947, "deep_sleep_ratio": 0.32048530912320333, "sfi": 4.051659290198554, "hrv_rmssd": 43.79438618563461, "timestamp": "2026-07-15T06:00:00"}