{"sleep_efficiency": 0.8631198307867665, "deep_sleep_ratio": 0.32740715798823666, "sfi": 2.9550112778064186, "hrv_rmssd": 53.27350105465714, "timestamp": "2026-07-16T06:00:00"}