{"sleep_efficiency": 0.920766308623292, "deep_sleep_ratio": 0.3106495305249168, "sfi": 5.478997044109219, "hrv_rmssd": 50.95783429821753, "timestamp": "2026-08-10T06:00:00"}