{"sleep_efficiency": 0.9591321137538855, "deep_sleep_ratio": 0.29924424194544713, "sfi": 5.005711583430124, "hrv_rmssd": 51.1870384139152, "timestamp": "2026-07-07T06:00:00"}