{"sleep_efficiency": 0.9028860764809816, "deep_sleep_ratio": 0.33065604436604795, "sfi": 4.59976474234738, "hrv_rmssd": 50.752147332997, "timestamp": "2026-08-04T06:00:00"}