{"sleep_efficiency": 0.8932207947637093, "deep_sleep_ratio": 0.2515002751169601, "sfi": 4.170470794254397, "hrv_rmssd": 43.87696899419953, "timestamp": "2026-08-11T06:00:00"}