{"sleep_efficiency": 0.863294619857078, "deep_sleep_ratio": 0.33322354186063374, "sfi": 4.626332572092491, "hrv_rmssd": 54.71730744072205, "timestamp": "2026-08-07T06:00:00"}