{"sleep_efficiency": 0.9424220830558818, "deep_sleep_ratio": 0.314813444003542, "sfi": 5.254348290354629, "hrv_rmssd": 58.578317341023016, "timestamp": "2026-07-25T06:00:00"}