{"sleep_efficiency": 0.8401170717279585, "deep_sleep_ratio": 0.25519871007162465, "sfi": 5.0842781095483, "hrv_rmssd": 54.601330992485515, "timestamp": "2026-07-16T06:00:00"}