{"sleep_efficiency": 0.8874519234869288, "deep_sleep_ratio": 0.27753867542190946, "sfi": 5.663068059542339, "hrv_rmssd": 47.958808294991826, "timestamp": "2026-07-17T06:00:00"}