{"sleep_efficiency": 0.9171369767440594, "deep_sleep_ratio": 0.2822277174759485, "sfi": 4.655912798753391, "hrv_rmssd": 49.09065008167157, "timestamp": "2026-07-22T06:00:00"}