{"sleep_efficiency": 0.8379347831377607, "deep_sleep_ratio": 0.29827038627312874, "sfi": 4.507737883369179, "hrv_rmssd": 62.19939942110633, "timestamp": "2026-08-08T06:00:00"}