{"sleep_efficiency": 0.8299780338496296, "deep_sleep_ratio": 0.33687795795837194, "sfi": 5.468011066292805, "hrv_rmssd": 57.336296746409246, "timestamp": "2026-08-12T06:00:00"}