{"sleep_efficiency": 0.8820289150243522, "deep_sleep_ratio": 0.2675135097476369, "sfi": 5.865385946830796, "hrv_rmssd": 46.38817314558021, "timestamp": "2026-07-17T06:00:00"}