{"sleep_efficiency": 0.8540184638289583, "deep_sleep_ratio": 0.2898790990914281, "sfi": 4.190680201387975, "hrv_rmssd": 52.220269893791084, "timestamp": "2026-08-02T06:00:00"}