{"sleep_efficiency": 0.891941410975655, "deep_sleep_ratio": 0.2936618049548312, "sfi": 6.769615048896048, "hrv_rmssd": 45.63771105961955, "timestamp": "2026-07-11T06:00:00"}