{"sleep_efficiency": 0.8574311245750805, "deep_sleep_ratio": 0.33934370317564244, "sfi": 2.530013254830723, "hrv_rmssd": 46.698144308686054, "timestamp": "2026-08-19T06:00:00"}