{"sleep_efficiency": 0.85801599544146, "deep_sleep_ratio": 0.3295665054063028, "sfi": 4.1242738045124225, "hrv_rmssd": 49.244998124148, "timestamp": "2026-07-29T06:00:00"}