{"sleep_efficiency": 0.917010068533351, "deep_sleep_ratio": 0.2607412820946181, "sfi": 4.6921037880899945, "hrv_rmssd": 48.9016443213975, "timestamp": "2026-08-02T06:00:00"}