{"sleep_efficiency": 0.8507941688426567, "deep_sleep_ratio": 0.3411123584999017, "sfi": 5.142067528781157, "hrv_rmssd": 48.375115342877585, "timestamp": "2026-08-06T06:00:00"}