{"sleep_efficiency": 0.8698281345489173, "deep_sleep_ratio": 0.35418566760867526, "sfi": 6.556250807100337, "hrv_rmssd": 53.961695551132834, "timestamp": "2026-07-28T06:00:00"}