{"sleep_efficiency": 0.9061510203419153, "deep_sleep_ratio": 0.28917756239837905, "sfi": 2.7069874262591296, "hrv_rmssd": 52.31876111647058, "timestamp": "2026-07-30T06:00:00"}