{"sleep_efficiency": 0.9094170251731686, "deep_sleep_ratio": 0.3083810265101375, "sfi": 7.455504020363694, "hrv_rmssd": 54.03671662426313, "timestamp": "2026-07-26T06:00:00"}