{"sleep_efficiency": 0.8809839555385167, "deep_sleep_ratio": 0.33952530346282483, "sfi": 4.254149620196089, "hrv_rmssd": 44.617431428911004, "timestamp": "2026-07-23T06:00:00"}