{"sleep_efficiency": 0.9135577017578707, "deep_sleep_ratio": 0.31093824993150676, "sfi": 6.2198808490743405, "hrv_rmssd": 48.40451768402138, "timestamp": "2026-08-16T06:00:00"}