{"sleep_efficiency": 0.8718510238776543, "deep_sleep_ratio": 0.3107214456721384, "sfi": 5.754171807270306, "hrv_rmssd": 52.3370014120988, "timestamp": "2026-07-21T06:00:00"}