{"sleep_efficiency": 0.8585824837495505, "deep_sleep_ratio": 0.28843067990089316, "sfi": 5.386377944964079, "hrv_rmssd": 58.60868788073884, "timestamp": "2026-08-03T06:00:00"}