{"sleep_efficiency": 0.8560697131769176, "deep_sleep_ratio": 0.34763659096029786, "sfi": 4.738987750744772, "hrv_rmssd": 57.27649297648125, "timestamp": "2026-07-08T06:00:00"}