{"sleep_efficiency": 0.8951120134285024, "deep_sleep_ratio": 0.2621100648451993, "sfi": 5.6429186263191635, "hrv_rmssd": 48.80949267713697, "timestamp": "2026-07-19T06:00:00"}