{"sleep_efficiency": 0.8890895968688843, "deep_sleep_ratio": 0.29324984941043597, "sfi": 4.853188933046046, "hrv_rmssd": 42.982422319247334, "timestamp": "2026-07-24T06:00:00"}