{"sleep_efficiency": 0.856241363699758, "deep_sleep_ratio": 0.26295806826600093, "sfi": 6.318829410848069, "hrv_rmssd": 42.101171811703374, "timestamp": "2026-08-09T06:00:00"}