{"sleep_efficiency": 0.8671465003278219, "deep_sleep_ratio": 0.30716241224414487, "sfi": 4.748938479939784, "hrv_rmssd": 49.16452700227736, "timestamp": "2026-08-05T06:00:00"}