{"sleep_efficiency": 0.7912188993873145, "deep_sleep_ratio": 0.3232503321347773, "sfi": 3.554217352681457, "hrv_rmssd": 48.03229505730614, "timestamp": "2026-07-28T06:00:00"}