{"sleep_efficiency": 0.8388895200088001, "deep_sleep_ratio": 0.2729057840186351, "sfi": 3.0636240128547594, "hrv_rmssd": 54.0204280259413, "timestamp": "2026-07-07T06:00:00"}