{"sleep_efficiency": 0.9047797055101822, "deep_sleep_ratio": 0.36480976301081597, "sfi": 5.795988947568449, "hrv_rmssd": 52.01446005203915, "timestamp": "2026-07-07T06:00:00"}