{"sleep_efficiency": 0.9027920364429023, "deep_sleep_ratio": 0.28639154866230115, "sfi": 4.750483933734315, "hrv_rmssd": 55.431571014153626, "timestamp": "2026-07-25T06:00:00"}