{"sleep_efficiency": 0.8330682421637298, "deep_sleep_ratio": 0.24504846889812304, "sfi": 4.653143809734758, "hrv_rmssd": 55.39561177569957, "timestamp": "2026-08-01T06:00:00"}