{"sleep_efficiency": 0.862765075358941, "deep_sleep_ratio": 0.23808255548584795, "sfi": 4.544100280459414, "hrv_rmssd": 45.83048876532327, "timestamp": "2026-08-12T06:00:00"}