{"sleep_efficiency": 0.9077649400144303, "deep_sleep_ratio": 0.32372881830332634, "sfi": 4.9151185077827595, "hrv_rmssd": 41.530698445800354, "timestamp": "2026-08-01T06:00:00"}