{"sleep_efficiency": 0.9802056262146501, "deep_sleep_ratio": 0.2571374509470927, "sfi": 6.409967411207363, "hrv_rmssd": 38.93676494624161, "timestamp": "2026-07-18T06:00:00"}