{"sleep_efficiency": 0.8746139289484209, "deep_sleep_ratio": 0.32444300530253534, "sfi": 5.795026684392143, "hrv_rmssd": 48.494018142087526, "timestamp": "2026-07-31T06:00:00"}