{"sleep_efficiency": 0.8715141398746326, "deep_sleep_ratio": 0.37230588501327744, "sfi": 5.911660078674449, "hrv_rmssd": 52.94224116845034, "timestamp": "2026-07-16T06:00:00"}