{"sleep_efficiency": 0.9265335684313596, "deep_sleep_ratio": 0.3166354000053405, "sfi": 4.3170446167078556, "hrv_rmssd": 45.83043260440978, "timestamp": "2026-08-12T06:00:00"}