{"sleep_efficiency": 0.8995685052542336, "deep_sleep_ratio": 0.3111021965668437, "sfi": 4.353366928833961, "hrv_rmssd": 41.979791274152134, "timestamp": "2026-07-03T06:00:00"}