{"sleep_efficiency": 0.9415323868272873, "deep_sleep_ratio": 0.32991598562959135, "sfi": 4.841934529733637, "hrv_rmssd": 49.94883202690815, "timestamp": "2026-08-16T06:00:00"}