{"sleep_efficiency": 0.9238761030990092, "deep_sleep_ratio": 0.281601592896424, "sfi": 4.411166309417089, "hrv_rmssd": 47.77987856207488, "timestamp": "2026-07-05T06:00:00"}