{"sleep_efficiency": 0.8801058727451275, "deep_sleep_ratio": 0.29394100134856216, "sfi": 3.127393271039935, "hrv_rmssd": 56.655562576208006, "timestamp": "2026-07-30T06:00:00"}