{"sleep_efficiency": 0.8599243293402252, "deep_sleep_ratio": 0.3247919247643034, "sfi": 3.5898693312633876, "hrv_rmssd": 53.542446312236954, "timestamp": "2026-07-20T06:00:00"}