{"sleep_efficiency": 0.8670894609544187, "deep_sleep_ratio": 0.2888718201132308, "sfi": 3.707934145292328, "hrv_rmssd": 47.65220536363054, "timestamp": "2026-08-05T06:00:00"}