{"sleep_efficiency": 0.8803525298631086, "deep_sleep_ratio": 0.30061136079051337, "sfi": 2.593369045821498, "hrv_rmssd": 54.33792671731251, "timestamp": "2026-08-08T06:00:00"}