{"sleep_efficiency": 0.8761541855612776, "deep_sleep_ratio": 0.27442395971512, "sfi": 5.436063820578993, "hrv_rmssd": 58.56950357371846, "timestamp": "2026-08-08T06:00:00"}