{"sleep_efficiency": 0.8598790485576813, "deep_sleep_ratio": 0.275629666626879, "sfi": 5.737026717781688, "hrv_rmssd": 51.94060550901725, "timestamp": "2026-07-14T06:00:00"}