{"sleep_efficiency": 0.8349453012494533, "deep_sleep_ratio": 0.28050967657183223, "sfi": 2.083182679626568, "hrv_rmssd": 42.5347823439981, "timestamp": "2026-07-27T06:00:00"}