{"sleep_efficiency": 0.8548618607316583, "deep_sleep_ratio": 0.30080388144652914, "sfi": 5.179055334735467, "hrv_rmssd": 51.81310669212276, "timestamp": "2026-07-10T06:00:00"}