{"sleep_efficiency": 0.9032643437648338, "deep_sleep_ratio": 0.25611398665206664, "sfi": 5.673587236063939, "hrv_rmssd": 51.9267499847639, "timestamp": "2026-07-10T06:00:00"}