{"sleep_efficiency": 0.9763287540728706, "deep_sleep_ratio": 0.3063322978210905, "sfi": 5.306862799443644, "hrv_rmssd": 45.908591857969, "timestamp": "2026-07-05T06:00:00"}