{"sleep_efficiency": 0.8612136280100197, "deep_sleep_ratio": 0.2789428213917714, "sfi": 4.687728048149011, "hrv_rmssd": 41.117973973024405, "timestamp": "2026-07-01T06:00:00"}