{"sleep_efficiency": 0.8863095703185828, "deep_sleep_ratio": 0.31949261981493166, "sfi": 4.399299672359633, "hrv_rmssd": 51.156287026533285, "timestamp": "2026-07-26T06:00:00"}