{"sleep_efficiency": 0.8516225606043921, "deep_sleep_ratio": 0.317570253348307, "sfi": 3.00184714274887, "hrv_rmssd": 55.09020799516579, "timestamp": "2026-08-16T06:00:00"}