{"sleep_efficiency": 0.8706455017905246, "deep_sleep_ratio": 0.31406247216537536, "sfi": 3.844043583831638, "hrv_rmssd": 44.655068884376796, "timestamp": "2026-08-17T06:00:00"}