{"sleep_efficiency": 0.8892444426964042, "deep_sleep_ratio": 0.22194500896184927, "sfi": 4.432799856645789, "hrv_rmssd": 45.973533391036014, "timestamp": "2026-07-18T06:00:00"}