{"sleep_efficiency": 0.8617585545358436, "deep_sleep_ratio": 0.32841592168792044, "sfi": 4.2367615894207855, "hrv_rmssd": 52.45885504616309, "timestamp": "2026-08-03T06:00:00"}