{"sleep_efficiency": 0.9180835894218573, "deep_sleep_ratio": 0.3165098870818102, "sfi": 5.555306073227388, "hrv_rmssd": 44.97665955241724, "timestamp": "2026-07-04T06:00:00"}