{"sleep_efficiency": 0.887542546322846, "deep_sleep_ratio": 0.3908703085126173, "sfi": 6.324195538462142, "hrv_rmssd": 53.9570934700564, "timestamp": "2026-07-01T06:00:00"}