{"sleep_efficiency": 0.8655950800906232, "deep_sleep_ratio": 0.3355432522855383, "sfi": 5.1614920990802196, "hrv_rmssd": 58.49421815240062, "timestamp": "2026-08-04T06:00:00"}