{"sleep_efficiency": 0.796625593293807, "deep_sleep_ratio": 0.29158577989633505, "sfi": 5.626084017041285, "hrv_rmssd": 50.60373593034063, "timestamp": "2026-08-04T06:00:00"}