{"sleep_efficiency": 0.862290128879462, "deep_sleep_ratio": 0.31922773126716053, "sfi": 4.53703867623792, "hrv_rmssd": 45.50700848156042, "timestamp": "2026-07-28T06:00:00"}