{"sleep_efficiency": 0.8343972033146402, "deep_sleep_ratio": 0.301712209681874, "sfi": 3.8252192285875473, "hrv_rmssd": 46.37100717589592, "timestamp": "2026-07-29T06:00:00"}