{"sleep_efficiency": 0.84834337203231, "deep_sleep_ratio": 0.24348003189486717, "sfi": 2.7298195851752807, "hrv_rmssd": 53.1631031630182, "timestamp": "2026-08-13T06:00:00"}