{"sleep_efficiency": 0.9031814812072281, "deep_sleep_ratio": 0.26897029923329957, "sfi": 5.024192345591288, "hrv_rmssd": 49.54602711649955, "timestamp": "2026-07-31T06:00:00"}