{"sleep_efficiency": 0.864195861103458, "deep_sleep_ratio": 0.3191518855637268, "sfi": 3.8444922391527436, "hrv_rmssd": 55.02187762784522, "timestamp": "2026-07-27T06:00:00"}