{"sleep_efficiency": 0.8933444413835527, "deep_sleep_ratio": 0.31312432527727424, "sfi": 5.300246646195365, "hrv_rmssd": 51.71597969323803, "timestamp": "2026-07-30T06:00:00"}