{"sleep_efficiency": 0.9226833080676855, "deep_sleep_ratio": 0.32447570228309586, "sfi": 4.946324111386223, "hrv_rmssd": 47.030598091663336, "timestamp": "2026-08-19T06:00:00"}