{"sleep_efficiency": 0.9045062794943541, "deep_sleep_ratio": 0.25488058656305057, "sfi": 4.475920976175763, "hrv_rmssd": 52.98110869477226, "timestamp": "2026-07-04T06:00:00"}