{"sleep_efficiency": 0.8530513422116223, "deep_sleep_ratio": 0.30574684356936066, "sfi": 4.6365571219117605, "hrv_rmssd": 47.45963722740941, "timestamp": "2026-08-07T06:00:00"}