{"sleep_efficiency": 0.8937284412544172, "deep_sleep_ratio": 0.35793155128119897, "sfi": 5.38091571713273, "hrv_rmssd": 46.37634035718031, "timestamp": "2026-08-18T06:00:00"}