{"sleep_efficiency": 0.9141728056482233, "deep_sleep_ratio": 0.28057373815124215, "sfi": 5.185552431295057, "hrv_rmssd": 49.453312661216486, "timestamp": "2026-07-22T06:00:00"}