{"sleep_efficiency": 0.882684966563439, "deep_sleep_ratio": 0.29641455502402314, "sfi": 2.713742278249392, "hrv_rmssd": 53.46969146414205, "timestamp": "2026-08-09T06:00:00"}