{"sleep_efficiency": 0.8427602498342365, "deep_sleep_ratio": 0.26929729734093466, "sfi": 5.288979852143828, "hrv_rmssd": 56.82504312275726, "timestamp": "2026-08-14T06:00:00"}