{"sleep_efficiency": 0.8680472701107802, "deep_sleep_ratio": 0.36829949335962564, "sfi": 4.836968299544553, "hrv_rmssd": 53.34359586882246, "timestamp": "2026-08-17T06:00:00"}