{"sleep_efficiency": 0.8280910678820657, "deep_sleep_ratio": 0.2886758849946855, "sfi": 4.063806816325431, "hrv_rmssd": 56.018500504711454, "timestamp": "2026-08-13T06:00:00"}