{"sleep_efficiency": 0.8486481014800376, "deep_sleep_ratio": 0.3237431115349478, "sfi": 5.66288681131846, "hrv_rmssd": 56.412456189593726, "timestamp": "2026-07-24T06:00:00"}