{"sleep_efficiency": 0.8994685423216751, "deep_sleep_ratio": 0.30841670896828793, "sfi": 4.455777762636144, "hrv_rmssd": 44.83622693931733, "timestamp": "2026-07-03T06:00:00"}