{"sleep_efficiency": 0.8969954729918934, "deep_sleep_ratio": 0.2772625400886177, "sfi": 5.748208003591881, "hrv_rmssd": 45.97653975964293, "timestamp": "2026-08-13T06:00:00"}