{"sleep_efficiency": 0.93388833253758, "deep_sleep_ratio": 0.3461104258092249, "sfi": 5.925460993181775, "hrv_rmssd": 50.32314369201599, "timestamp": "2026-07-13T06:00:00"}