{"sleep_efficiency": 0.8645433519120744, "deep_sleep_ratio": 0.22586123339294864, "sfi": 3.176151051392022, "hrv_rmssd": 47.25503473565174, "timestamp": "2026-08-05T06:00:00"}