{"sleep_efficiency": 0.8648906092530773, "deep_sleep_ratio": 0.37786248312446263, "sfi": 5.186339681818766, "hrv_rmssd": 58.636837311101296, "timestamp": "2026-08-10T06:00:00"}