{"sleep_efficiency": 0.8311846076500038, "deep_sleep_ratio": 0.2977660120839444, "sfi": 4.11545020443776, "hrv_rmssd": 52.94661178125146, "timestamp": "2026-07-02T06:00:00"}