{"sleep_efficiency": 0.8268373492133657, "deep_sleep_ratio": 0.3185318758132382, "sfi": 3.093785729373096, "hrv_rmssd": 44.867871509352156, "timestamp": "2026-07-08T06:00:00"}