{"sleep_efficiency": 0.9357901653463463, "deep_sleep_ratio": 0.30445982746767397, "sfi": 4.613737733803336, "hrv_rmssd": 54.99886316875325, "timestamp": "2026-07-20T06:00:00"}