{"sleep_efficiency": 0.8839895741138037, "deep_sleep_ratio": 0.28171713606154186, "sfi": 4.7315639440855914, "hrv_rmssd": 47.23927258186109, "timestamp": "2026-08-18T06:00:00"}