{"sleep_efficiency": 0.9225763235292581, "deep_sleep_ratio": 0.29261218126289407, "sfi": 3.972951687902243, "hrv_rmssd": 45.38733358386503, "timestamp": "2026-07-02T06:00:00"}