{"sleep_efficiency": 0.9015831495008989, "deep_sleep_ratio": 0.274176598844318, "sfi": 2.106829549051581, "hrv_rmssd": 61.0273146747633, "timestamp": "2026-07-04T06:00:00"}