{"sleep_efficiency": 1.0, "deep_sleep_ratio": 0.3425865071228644, "sfi": 1.698705862719763, "hrv_rmssd": 52.75936199338572, "timestamp": "2026-07-29T06:00:00"}