{"sleep_efficiency": 0.9684482289543523, "deep_sleep_ratio": 0.3732167637483358, "sfi": 3.6280209095905884, "hrv_rmssd": 61.393154245380046, "timestamp": "2026-07-18T06:00:00"}