{"sleep_efficiency": 0.9048809010395216, "deep_sleep_ratio": 0.35616720186858314, "sfi": 2.168959953334215, "hrv_rmssd": 54.88190276938675, "timestamp": "2026-07-28T06:00:00"}