{"sleep_efficiency": 0.9682502337234945, "deep_sleep_ratio": 0.3501359604953202, "sfi": 4.262119959021154, "hrv_rmssd": 49.055580051122014, "timestamp": "2026-08-03T06:00:00"}