{"sleep_efficiency": 0.8773931125067485, "deep_sleep_ratio": 0.3341935293465782, "sfi": 1.9499989190155953, "hrv_rmssd": 51.33316442847356, "timestamp": "2026-07-03T06:00:00"}