{"sleep_efficiency": 0.9230623814857957, "deep_sleep_ratio": 0.41778381863945224, "sfi": 3.849718616517616, "hrv_rmssd": 50.365781472752545, "timestamp": "2026-07-21T06:00:00"}