{"sleep_efficiency": 0.9295634562159234, "deep_sleep_ratio": 0.31638615234589157, "sfi": 2.38619787605119, "hrv_rmssd": 50.70491355893543, "timestamp": "2026-08-14T06:00:00"}