{"sleep_efficiency": 0.8688652039067817, "deep_sleep_ratio": 0.3682618387156665, "sfi": 3.6690497629920977, "hrv_rmssd": 55.07156678817752, "timestamp": "2026-07-20T06:00:00"}