{"sleep_efficiency": 0.933256565333609, "deep_sleep_ratio": 0.40894396580309283, "sfi": 1.882990353790894, "hrv_rmssd": 52.94184635163684, "timestamp": "2026-07-02T06:00:00"}