{"sleep_efficiency": 0.9001396870573639, "deep_sleep_ratio": 0.3552835143311627, "sfi": 3.0840101897503005, "hrv_rmssd": 47.9908957211382, "timestamp": "2026-08-06T06:00:00"}