{"sleep_efficiency": 0.9402218469240655, "deep_sleep_ratio": 0.28942616860677484, "sfi": 3.021305488777835, "hrv_rmssd": 59.89057184902676, "timestamp": "2026-07-11T06:00:00"}