{"sleep_efficiency": 0.9535545645502577, "deep_sleep_ratio": 0.3350507199372567, "sfi": 3.2708723890214007, "hrv_rmssd": 49.071023262139036, "timestamp": "2026-08-02T06:00:00"}