{"sleep_efficiency": 0.9243645726203054, "deep_sleep_ratio": 0.3352088275196004, "sfi": 2.9836320170261907, "hrv_rmssd": 59.196084380378075, "timestamp": "2026-07-06T06:00:00"}