{"sleep_efficiency": 0.9697913352489153, "deep_sleep_ratio": 0.3435982905937342, "sfi": 3.328738127945641, "hrv_rmssd": 47.0387567724688, "timestamp": "2026-08-12T06:00:00"}