{"sleep_efficiency": 0.900049548518126, "deep_sleep_ratio": 0.40004905260082574, "sfi": 2.8470064594031723, "hrv_rmssd": 58.03774021727086, "timestamp": "2026-07-25T06:00:00"}