{"sleep_efficiency": 0.9051947282139412, "deep_sleep_ratio": 0.40708190402078315, "sfi": 2.5729448464427307, "hrv_rmssd": 57.84219549384196, "timestamp": "2026-07-26T06:00:00"}