{"sleep_efficiency": 0.9477853296197172, "deep_sleep_ratio": 0.3434492297378514, "sfi": 3.4206010868674555, "hrv_rmssd": 43.53877749117069, "timestamp": "2026-08-17T06:00:00"}