{"sleep_efficiency": 0.9018005074035303, "deep_sleep_ratio": 0.344900790753606, "sfi": 3.4569961126874595, "hrv_rmssd": 50.40808337596032, "timestamp": "2026-08-04T06:00:00"}