{"sleep_efficiency": 0.9369584538618676, "deep_sleep_ratio": 0.3901361039153248, "sfi": 1.5937631159955674, "hrv_rmssd": 54.71995233385604, "timestamp": "2026-07-08T06:00:00"}