{"sleep_efficiency": 0.9367046090645009, "deep_sleep_ratio": 0.35253287766279273, "sfi": 2.927568919536584, "hrv_rmssd": 61.83697388677398, "timestamp": "2026-07-27T06:00:00"}