{"sleep_efficiency": 0.9129102020401856, "deep_sleep_ratio": 0.37509325695799667, "sfi": 4.145781282362613, "hrv_rmssd": 55.432311186544354, "timestamp": "2026-07-23T06:00:00"}