{"sleep_efficiency": 0.9304100938790252, "deep_sleep_ratio": 0.30080177239942263, "sfi": 3.1858894009103618, "hrv_rmssd": 66.02870464152662, "timestamp": "2026-08-10T06:00:00"}