{"sleep_efficiency": 0.9403211524901445, "deep_sleep_ratio": 0.336137270732163, "sfi": 4.201435580578558, "hrv_rmssd": 57.79575194882532, "timestamp": "2026-07-12T06:00:00"}