{"sleep_efficiency": 0.9351062540538854, "deep_sleep_ratio": 0.3562467992541544, "sfi": 2.9695454174071534, "hrv_rmssd": 58.97084999753442, "timestamp": "2026-07-31T06:00:00"}