{"sleep_efficiency": 0.9221792473337023, "deep_sleep_ratio": 0.37006826170177276, "sfi": 2.044180845005388, "hrv_rmssd": 49.53078115443877, "timestamp": "2026-07-14T06:00:00"}