{"sleep_efficiency": 0.9393048359566839, "deep_sleep_ratio": 0.3843730202421727, "sfi": 1.881908788862391, "hrv_rmssd": 57.01847243069528, "timestamp": "2026-07-24T06:00:00"}