{"sleep_efficiency": 0.9292414770837334, "deep_sleep_ratio": 0.3454825763110482, "sfi": 2.374350046591777, "hrv_rmssd": 48.98776963072178, "timestamp": "2026-07-01T06:00:00"}