{"sleep_efficiency": 0.8906019342066693, "deep_sleep_ratio": 0.3259022062150808, "sfi": 3.4539361922866325, "hrv_rmssd": 49.73604161993639, "timestamp": "2026-08-11T06:00:00"}