{"sleep_efficiency": 0.8676642097782824, "deep_sleep_ratio": 0.3852554122342965, "sfi": 2.924595950954523, "hrv_rmssd": 48.731106816650005, "timestamp": "2026-08-13T06:00:00"}