{"sleep_efficiency": 0.9104104433568239, "deep_sleep_ratio": 0.33232716409801205, "sfi": 1.869097704743589, "hrv_rmssd": 57.52649236634805, "timestamp": "2026-07-13T06:00:00"}