{"sleep_efficiency": 0.9536112100743974, "deep_sleep_ratio": 0.3126530307174278, "sfi": 2.162789309953238, "hrv_rmssd": 48.713595046197455, "timestamp": "2026-08-16T06:00:00"}