{"sleep_efficiency": 0.9409933287870847, "deep_sleep_ratio": 0.3957523024887602, "sfi": 4.238101410545204, "hrv_rmssd": 53.49602393757153, "timestamp": "2026-07-07T06:00:00"}