{"sleep_efficiency": 0.9213829473479198, "deep_sleep_ratio": 0.3436829945668582, "sfi": 2.9103996363190103, "hrv_rmssd": 53.6208015849669, "timestamp": "2026-08-05T06:00:00"}