{"sleep_efficiency": 0.9029806198859284, "deep_sleep_ratio": 0.3052066125563838, "sfi": 2.4850270652074804, "hrv_rmssd": 56.83235890894257, "timestamp": "2026-07-10T06:00:00"}