{"sleep_efficiency": 0.9344358093333256, "deep_sleep_ratio": 0.35851398341708873, "sfi": 3.6573941833999255, "hrv_rmssd": 58.83922476640967, "timestamp": "2026-07-09T06:00:00"}