{"sleep_efficiency": 0.9023476062534035, "deep_sleep_ratio": 0.3739044405064752, "sfi": 2.6155421084088872, "hrv_rmssd": 51.891025672110736, "timestamp": "2026-08-07T06:00:00"}