{"sleep_efficiency": 0.937913666991706, "deep_sleep_ratio": 0.3334445700027832, "sfi": 2.4555932330994867, "hrv_rmssd": 52.8346303578109, "timestamp": "2026-07-16T06:00:00"}