{"sleep_efficiency": 0.9138454358117436, "deep_sleep_ratio": 0.40371947772755656, "sfi": 3.5438294510661947, "hrv_rmssd": 57.142187150029855, "timestamp": "2026-07-05T06:00:00"}