{"sleep_efficiency": 0.9135285278991016, "deep_sleep_ratio": 0.3753041140349071, "sfi": 3.6645913395192644, "hrv_rmssd": 49.77412653451805, "timestamp": "2026-08-08T06:00:00"}