{"sleep_efficiency": 0.9035976591435712, "deep_sleep_ratio": 0.3282314546680891, "sfi": 2.813813458336988, "hrv_rmssd": 58.4312191388835, "timestamp": "2026-08-01T06:00:00"}