{"sleep_efficiency": 0.8557074810727509, "deep_sleep_ratio": 0.3276155650010138, "sfi": 3.1860257229457627, "hrv_rmssd": 55.96187069375349, "timestamp": "2026-08-09T06:00:00"}