{"sleep_efficiency": 0.8903543512084681, "deep_sleep_ratio": 0.3594243755266629, "sfi": 3.6550382660183605, "hrv_rmssd": 45.03147531418678, "timestamp": "2026-07-30T06:00:00"}