{"sleep_efficiency": 0.9210870780582671, "deep_sleep_ratio": 0.3615572758505274, "sfi": 4.67949849218119, "hrv_rmssd": 51.484325597761426, "timestamp": "2026-07-22T06:00:00"}