{"sleep_efficiency": 0.8780488190392405, "deep_sleep_ratio": 0.3117361871711988, "sfi": 2.986417556543628, "hrv_rmssd": 58.41125855139933, "timestamp": "2026-07-15T06:00:00"}