{"sleep_efficiency": 0.9172289791904397, "deep_sleep_ratio": 0.3576883496629396, "sfi": 3.7330768302033683, "hrv_rmssd": 58.73130492877751, "timestamp": "2026-07-19T06:00:00"}