{"sleep_efficiency": 0.9345095627983185, "deep_sleep_ratio": 0.31866842458905953, "sfi": 3.381404656286315, "hrv_rmssd": 50.248344308171795, "timestamp": "2026-08-18T06:00:00"}