{"sleep_efficiency": 0.8948874216307393, "deep_sleep_ratio": 0.3398156015572846, "sfi": 0.6110495100248099, "hrv_rmssd": 63.49746577364884, "timestamp": "2026-08-19T06:00:00"}