{"sleep_efficiency": 0.9163562856389069, "deep_sleep_ratio": 0.37085659088343653, "sfi": 3.2787013247052883, "hrv_rmssd": 50.16680757141299, "timestamp": "2026-08-15T06:00:00"}