{"sleep_efficiency": 0.9027682272793888, "deep_sleep_ratio": 0.3285195071955035, "sfi": 4.151226627115864, "hrv_rmssd": 58.429694208758626, "timestamp": "2026-07-17T06:00:00"}