{"sad_ratio": 0.041667593194909654, "avg_speed": 4.341155463737729, "pitch_variability": 30.563008238414177, "distress_events": 0.2666901150787985, "timestamp": "2026-08-01T23:59:59"}