{"sad_ratio": 0.03757529353515203, "avg_speed": 5.007820080429141, "pitch_variability": 34.148401982098136, "distress_events": 0.412990295319526, "timestamp": "2026-07-14T23:59:59"}