{"sad_ratio": 0.055018507988888805, "avg_speed": 4.451100345909718, "pitch_variability": 33.22765585108152, "distress_events": 0.31127238754113196, "timestamp": "2026-08-05T23:59:59"}