{"sad_ratio": 0.0369708454556893, "avg_speed": 4.798634554253901, "pitch_variability": 35.99302259358402, "distress_events": 0.0, "timestamp": "2026-08-13T23:59:59"}