{"sad_ratio": 0.03754009080768379, "avg_speed": 4.820671360756442, "pitch_variability": 30.898712868830106, "distress_events": 0.06807789845462417, "timestamp": "2026-07-12T23:59:59"}