{"sad_ratio": 0.2277073527214049, "avg_speed": 1.331542415624453, "avg_pitch": 213.19104398160178, "distress_events": 2.892725013943835, "timestamp": "2026-07-26T23:59:59"}