{"sad_ratio": 0.03518798221439119, "avg_speed": 4.256747842429032, "pitch_variability": 32.75454785815667, "distress_events": 0.27209440701668797, "timestamp": "2026-07-22T23:59:59"}