{"sad_ratio": 0.05177219432456113, "avg_speed": 4.229029191036608, "avg_pitch": 203.34126739665388, "distress_events": 0.0, "timestamp": "2026-07-01T23:59:59"}