{"sad_ratio": 0.04047949516255925, "avg_speed": 4.856458001566882, "pitch_variability": 28.681548816311818, "distress_events": 0.0, "timestamp": "2026-08-09T23:59:59"}