{"sad_ratio": 0.05361123762967417, "avg_speed": 3.9420639118968896, "pitch_variability": 32.45483043427293, "distress_events": 0.037206053508695075, "timestamp": "2026-08-09T23:59:59"}