{"sad_ratio": 0.03775979903561878, "avg_speed": 4.4510058279342015, "pitch_variability": 32.995717722823755, "distress_events": 0.022501551796982017, "timestamp": "2026-08-04T23:59:59"}