{"sad_ratio": 0.0419620718046665, "avg_speed": 4.214528824193496, "pitch_variability": 33.07867002376302, "distress_events": 0.14681209224759634, "timestamp": "2026-08-07T23:59:59"}