{"sad_ratio": 0.07421014032743102, "avg_speed": 4.377557229242217, "pitch_variability": 33.65131939931306, "distress_events": 0.0, "timestamp": "2026-07-02T23:59:59"}