{"sad_ratio": 0.03809178964660925, "avg_speed": 4.13077576722783, "pitch_variability": 31.848699639382907, "distress_events": 0.1451122396813304, "timestamp": "2026-08-19T23:59:59"}