{"sad_ratio": 0.01156217563439927, "avg_speed": 4.793760235425129, "pitch_variability": 25.190815855615597, "distress_events": 0.0, "timestamp": "2026-07-06T23:59:59"}