{"sad_ratio": 0.049961492217968875, "avg_speed": 4.412928063243746, "pitch_variability": 38.33876062142851, "distress_events": 0.0, "timestamp": "2026-08-17T23:59:59"}