{"sad_ratio": 0.026098979193389608, "avg_speed": 4.302285532138337, "pitch_variability": 37.70175796045312, "distress_events": 0.036826213388165774, "timestamp": "2026-07-09T23:59:59"}