{"sad_ratio": 0.06725025290899149, "avg_speed": 4.157225636697773, "pitch_variability": 29.889733164472975, "distress_events": 0.07858215163370827, "timestamp": "2026-07-21T23:59:59"}