{"sad_ratio": 0.06087699070043969, "avg_speed": 4.400062063335416, "avg_pitch": 239.77416476736232, "distress_events": 0.0, "timestamp": "2026-07-13T23:59:59"}