{"sad_ratio": 0.054552314609570086, "avg_speed": 4.71402037297346, "avg_pitch": 209.9081589786365, "distress_events": 0.1812939890403115, "timestamp": "2026-07-05T23:59:59"}