{"sad_ratio": 0.04678235132924368, "avg_speed": 4.205329345318884, "avg_pitch": 217.7443595395084, "distress_events": 0.0, "timestamp": "2026-08-03T23:59:59"}