{"sad_ratio": 0.034210426714816486, "avg_speed": 4.595127847554743, "pitch_variability": 30.482851750435472, "distress_events": 0.0, "timestamp": "2026-07-16T23:59:59"}