{"sad_ratio": 0.04059733449791981, "avg_speed": 4.575620638181561, "pitch_variability": 32.01783113926838, "distress_events": 0.0, "timestamp": "2026-07-23T23:59:59"}