{"sad_ratio": 0.2198953038890273, "avg_speed": 2.942243676960529, "avg_pitch": 242.81730753475097, "distress_events": 4.4436060887049145, "timestamp": "2026-07-28T23:59:59"}