{"sad_ratio": 0.04604836854104914, "avg_speed": 4.120097761160517, "pitch_variability": 27.251000947593116, "distress_events": 0.259067229970542, "timestamp": "2026-07-03T23:59:59"}