{"sad_ratio": 0.058065446802466135, "avg_speed": 4.073949863564254, "pitch_variability": 31.264447203011485, "distress_events": 0.2464590752009289, "timestamp": "2026-07-02T23:59:59"}