{"sad_ratio": 0.051759852336067495, "avg_speed": 4.442130955515081, "avg_pitch": 206.8118131505171, "distress_events": 0.27175694364376113, "timestamp": "2026-08-16T23:59:59"}