{"sad_ratio": 0.14607384104763393, "avg_speed": 3.0366811756390732, "pitch_variability": 15.022651817910464, "distress_events": 2.41214375959229, "timestamp": "2026-07-29T23:59:59"}