{"sad_ratio": 0.050020944525821905, "avg_speed": 4.121774341158505, "pitch_variability": 35.00938443014256, "distress_events": 0.11909353553330838, "timestamp": "2026-08-05T23:59:59"}