{"sad_ratio": 0.07961236017513405, "avg_speed": 4.240123469755973, "pitch_variability": 36.9608862759381, "distress_events": 0.0, "timestamp": "2026-08-15T23:59:59"}