{"sad_ratio": 0.3116816570319626, "avg_speed": 2.0883305240168353, "pitch_variability": 6.404960399013846, "distress_events": 2.109435136025871, "timestamp": "2026-07-28T23:59:59"}