{"sad_ratio": 0.032717551172370074, "avg_speed": 4.567881092555323, "pitch_variability": 32.3970992096789, "distress_events": 0.0, "timestamp": "2026-08-16T23:59:59"}