{"sad_ratio": 0.17114380051065722, "avg_speed": 3.03555437861648, "pitch_variability": 11.232799067816753, "distress_events": 4.226591839407108, "timestamp": "2026-07-27T23:59:59"}