{"sad_ratio": 0.08043012904345857, "avg_speed": 4.351920522156048, "avg_pitch": 208.04395595883997, "distress_events": 0.0, "timestamp": "2026-07-23T23:59:59"}