{"sad_ratio": 0.03778819749030336, "avg_speed": 4.696594405504605, "pitch_variability": 30.387827058475132, "distress_events": 0.2578162173653532, "timestamp": "2026-07-03T23:59:59"}