{"sad_ratio": 0.04495791522940435, "avg_speed": 4.637914573531226, "pitch_variability": 28.821285582642133, "distress_events": 0.14125494922484105, "timestamp": "2026-08-18T23:59:59"}