{"sad_ratio": 0.06695780202699689, "avg_speed": 4.7567808049242855, "avg_pitch": 218.39067052962645, "distress_events": 0.0, "timestamp": "2026-07-08T23:59:59"}