{"sad_ratio": 0.03797273464151485, "avg_speed": 4.670923780444635, "pitch_variability": 30.695301301547953, "distress_events": 0.0, "timestamp": "2026-07-22T23:59:59"}