{"sad_ratio": 0.21308711652255308, "avg_speed": 2.098354059020018, "pitch_variability": 3.9516604042645334, "distress_events": 2.657665109126931, "timestamp": "2026-07-26T23:59:59"}