{"sad_ratio": 0.21223058071270176, "avg_speed": 3.8630170954965166, "pitch_variability": 13.92424111445269, "distress_events": 4.070076879396504, "timestamp": "2026-07-25T23:59:59"}