{"sad_ratio": 0.06856750226505637, "avg_speed": 4.138484076497576, "pitch_variability": 31.109530591688685, "distress_events": 0.3427230925595162, "timestamp": "2026-07-08T23:59:59"}