{"sad_ratio": 0.05333383274204035, "avg_speed": 4.385120150533965, "avg_pitch": 206.8729240883561, "distress_events": 0.22836156984769485, "timestamp": "2026-07-16T23:59:59"}