{"sad_ratio": 0.033358436118491375, "avg_speed": 4.254801299249062, "pitch_variability": 32.423097624639446, "distress_events": 0.4107857443559355, "timestamp": "2026-08-06T23:59:59"}