{"sad_ratio": 0.043000795839835855, "avg_speed": 5.00831620951656, "pitch_variability": 29.841042919475015, "distress_events": 0.08345376069810989, "timestamp": "2026-07-19T23:59:59"}