{"sad_ratio": 0.045376373968582656, "avg_speed": 4.284398556060791, "pitch_variability": 28.168823804399995, "distress_events": 0.3124365541583679, "timestamp": "2026-07-20T23:59:59"}