{"sad_ratio": 0.08452568231821678, "avg_speed": 5.102958410514391, "pitch_variability": 25.95958381860425, "distress_events": 0.06424012400820761, "timestamp": "2026-07-04T23:59:59"}