{"sad_ratio": 0.06822470283044162, "avg_speed": 5.219615555961323, "avg_pitch": 207.39187363496433, "distress_events": 0.0, "timestamp": "2026-08-11T23:59:59"}