{"sad_ratio": 0.2264806342137836, "avg_speed": 3.2982579776897003, "avg_pitch": 251.03076332844392, "distress_events": 3.2546098473383154, "timestamp": "2026-07-30T23:59:59"}