{"sad_ratio": 0.003929602813887073, "avg_speed": 3.8923600019654616, "avg_pitch": 215.78015640646692, "distress_events": 0.22760197165606688, "timestamp": "2026-07-06T23:59:59"}