{"sad_ratio": 0.03682216114924575, "avg_speed": 4.57023329072156, "avg_pitch": 224.18484331745032, "distress_events": 0.065089447042415, "timestamp": "2026-08-09T23:59:59"}