{"sad_ratio": 0.049593723440551477, "avg_speed": 4.825428779261558, "pitch_variability": 31.59306602394448, "distress_events": 0.2779234314468547, "timestamp": "2026-07-13T23:59:59"}