{"sad_ratio": 0.15550887060210938, "avg_speed": 2.7048259020448384, "avg_pitch": 216.51547818224154, "distress_events": 1.913686865481443, "timestamp": "2026-07-29T23:59:59"}