{"sad_ratio": 0.045848640721043124, "avg_speed": 4.485440659302949, "pitch_variability": 28.60480095766674, "distress_events": 0.1747725325525516, "timestamp": "2026-08-12T23:59:59"}