{"sad_ratio": 0.05920228373050542, "avg_speed": 4.369622143447389, "pitch_variability": 22.798251371687904, "distress_events": 0.008356679650449103, "timestamp": "2026-07-08T23:59:59"}