{"sad_ratio": 0.021318571820880247, "avg_speed": 4.835270695757112, "avg_pitch": 217.02034612035567, "distress_events": 0.0, "timestamp": "2026-08-17T23:59:59"}