{"sad_ratio": 0.05706762881657036, "avg_speed": 4.670302866429004, "pitch_variability": 29.855309633412986, "distress_events": 0.3798530074802462, "timestamp": "2026-08-08T23:59:59"}