{"sad_ratio": 0.03987812740891253, "avg_speed": 4.621967603316564, "pitch_variability": 31.582360143936125, "distress_events": 0.5132802298405204, "timestamp": "2026-08-06T23:59:59"}