{"sad_ratio": 0.055868120042184874, "avg_speed": 4.721397886086241, "avg_pitch": 209.3829869877198, "distress_events": 0.0134257580193448, "timestamp": "2026-07-07T23:59:59"}