{"sad_ratio": 0.04036266083883728, "avg_speed": 5.0108024261100335, "pitch_variability": 35.06578199899854, "distress_events": 0.20997428776756272, "timestamp": "2026-07-05T23:59:59"}