{"sad_ratio": 0.03776399802592744, "avg_speed": 4.477754656265602, "pitch_variability": 32.76306889841032, "distress_events": 0.12188068380301445, "timestamp": "2026-08-15T23:59:59"}