{"sad_ratio": 0.08309214083723786, "avg_speed": 4.681821003856334, "avg_pitch": 221.03103801281688, "distress_events": 0.08866415915392195, "timestamp": "2026-07-11T23:59:59"}