{"sad_ratio": 0.06356115732101088, "avg_speed": 4.592532889616873, "avg_pitch": 203.39410126385042, "distress_events": 0.0, "timestamp": "2026-07-12T23:59:59"}