{"sad_ratio": 0.06556344381762302, "avg_speed": 4.58769860605728, "pitch_variability": 33.91772031586491, "distress_events": 0.06898562683732402, "timestamp": "2026-08-11T23:59:59"}