{"sad_ratio": 0.07255757866850718, "avg_speed": 4.134465954932057, "pitch_variability": 32.10607891053441, "distress_events": 0.19265085131928406, "timestamp": "2026-08-07T23:59:59"}