{"sad_ratio": 0.0986990075352994, "avg_speed": 4.040421890276056, "pitch_variability": 34.98436814040222, "distress_events": 0.06131471905644641, "timestamp": "2026-07-24T23:59:59"}