{"sad_ratio": 0.18292604096549997, "avg_speed": 2.8110603384564623, "pitch_variability": 15.85857386414067, "distress_events": 1.6134333754166807, "timestamp": "2026-07-28T23:59:59"}