{"sad_ratio": 0.057523273267628246, "avg_speed": 4.341570386761373, "pitch_variability": 34.47785973506036, "distress_events": 0.1404060360467139, "timestamp": "2026-07-18T23:59:59"}