{"sad_ratio": 0.06308119567197956, "avg_speed": 4.1680625960138, "avg_pitch": 233.8670752418154, "distress_events": 0.08430715170474187, "timestamp": "2026-08-12T23:59:59"}