{"sad_ratio": 0.04289735346317362, "avg_speed": 4.179400133176162, "pitch_variability": 33.819151539485574, "distress_events": 0.0, "timestamp": "2026-08-14T23:59:59"}