{"sad_ratio": 0.04216610223549505, "avg_speed": 4.4344000600312, "pitch_variability": 36.21769278284805, "distress_events": 0.19316934089151072, "timestamp": "2026-07-01T23:59:59"}