{"sad_ratio": 0.039239864169177116, "avg_speed": 4.113083247933983, "pitch_variability": 32.253820842501824, "distress_events": 0.15925178884961777, "timestamp": "2026-07-15T23:59:59"}