{"sad_ratio": 0.032788055842353975, "avg_speed": 4.768008934900904, "pitch_variability": 33.581652261573964, "distress_events": 0.0, "timestamp": "2026-08-17T23:59:59"}