{"sad_ratio": 0.04322725768576666, "avg_speed": 4.55695518354433, "pitch_variability": 32.789806801160914, "distress_events": 0.0, "timestamp": "2026-07-06T23:59:59"}