{"sad_ratio": 0.25129977816871035, "avg_speed": 2.4248584010147654, "avg_pitch": 222.52343069209917, "distress_events": 4.011167255838426, "timestamp": "2026-07-25T23:59:59"}