{"sad_ratio": 0.20452150242435554, "avg_speed": 1.3722505580104447, "pitch_variability": 12.994156008921108, "distress_events": 2.4890343383299496, "timestamp": "2026-07-30T23:59:59"}