{"sad_ratio": 0.06626772927160865, "avg_speed": 4.78430672648728, "pitch_variability": 35.67583077852263, "distress_events": 0.17648339403846292, "timestamp": "2026-08-11T23:59:59"}