{"sad_ratio": 0.07644941694115748, "avg_speed": 4.349167346272928, "avg_pitch": 201.22993178193315, "distress_events": 0.039449685480415476, "timestamp": "2026-08-07T23:59:59"}