{"sad_ratio": 0.07156636171276284, "avg_speed": 4.271431153966827, "avg_pitch": 231.05298961197582, "distress_events": 0.0, "timestamp": "2026-08-13T23:59:59"}