{"sad_ratio": 0.08718243125744547, "avg_speed": 3.923975058088213, "avg_pitch": 261.4955389594751, "distress_events": 0.0, "timestamp": "2026-07-09T23:59:59"}