{"sad_ratio": 0.06299878451633442, "avg_speed": 4.448283921648677, "avg_pitch": 225.1882967950609, "distress_events": 0.3070955423822495, "timestamp": "2026-07-15T23:59:59"}