{"sad_ratio": 0.26334443308035926, "avg_speed": 2.7885801175939586, "pitch_variability": 11.013839879522216, "distress_events": 4.963101121372464, "timestamp": "2026-07-25T23:59:59"}