{"sad_ratio": 0.07734029744467147, "avg_speed": 4.550072966412905, "pitch_variability": 29.812772960145445, "distress_events": 0.11835200653724777, "timestamp": "2026-08-01T23:59:59"}