{"sad_ratio": 0.04361979772479975, "avg_speed": 4.264836347608581, "avg_pitch": 242.1931442548397, "distress_events": 0.21084244456102402, "timestamp": "2026-07-04T23:59:59"}