{"sad_ratio": 0.05341172372491121, "avg_speed": 4.325864157954176, "pitch_variability": 37.47522940972179, "distress_events": 0.17821427662850833, "timestamp": "2026-07-21T23:59:59"}