{"sad_ratio": 0.017963963373015063, "avg_speed": 4.234240557149585, "pitch_variability": 34.09249784868675, "distress_events": 0.2733236491402902, "timestamp": "2026-08-08T23:59:59"}