{"sad_ratio": 0.04084627053684181, "avg_speed": 4.511175465554471, "avg_pitch": 234.7646682136747, "distress_events": 0.0, "timestamp": "2026-07-20T23:59:59"}