{"sad_ratio": 0.2599617491486923, "avg_speed": 1.1584279046575123, "pitch_variability": 15.114445252090473, "distress_events": 3.5405862575625426, "timestamp": "2026-07-30T23:59:59"}