{"sad_ratio": 0.059790413309538534, "avg_speed": 4.313242305099802, "pitch_variability": 35.31672724641699, "distress_events": 0.2129260798865344, "timestamp": "2026-07-24T23:59:59"}