{"sad_ratio": 0.046410053888496235, "avg_speed": 4.296111376808727, "avg_pitch": 221.25698551865256, "distress_events": 0.0, "timestamp": "2026-07-31T23:59:59"}