{"sad_ratio": 0.011308681919024927, "avg_speed": 2.9160756225514857, "avg_pitch": 235.75239490986166, "distress_events": 2.3783828016831383, "timestamp": "2026-07-27T23:59:59"}