{"sad_ratio": 0.03838131189815899, "avg_speed": 4.320792635081418, "pitch_variability": 37.35004666382573, "distress_events": 0.04269754023118201, "timestamp": "2026-08-02T23:59:59"}