{"sad_ratio": 0.16613998117176626, "avg_speed": 2.3746402067602284, "pitch_variability": 16.706021095546234, "distress_events": 4.300798905075408, "timestamp": "2026-07-29T23:59:59"}