{"sad_ratio": 0.03792164874944773, "avg_speed": 1.9527335718019425, "pitch_variability": 9.576104410857434, "distress_events": 4.249939556537769, "timestamp": "2026-07-26T23:59:59"}