{"sad_ratio": 0.0390662682019675, "avg_speed": 4.875923185851285, "pitch_variability": 31.2041536195027, "distress_events": 0.2729067244300809, "timestamp": "2026-07-09T23:59:59"}