{"sad_ratio": 0.0604468993460101, "avg_speed": 4.355558802225695, "pitch_variability": 26.681913418444914, "distress_events": 0.000959525430871605, "timestamp": "2026-07-10T23:59:59"}