{"sad_ratio": 0.03354427646795801, "avg_speed": 4.759574936507066, "pitch_variability": 29.904306211137353, "distress_events": 0.47777109295805664, "timestamp": "2026-07-23T23:59:59"}