{"sad_ratio": 0.08348754529586352, "avg_speed": 4.557680603984646, "pitch_variability": 32.7815652252943, "distress_events": 0.0, "timestamp": "2026-07-11T23:59:59"}