{"sad_ratio": 0.012307689362354476, "avg_speed": 4.77857006080745, "pitch_variability": 32.24716967178951, "distress_events": 0.0, "timestamp": "2026-07-05T23:59:59"}