{"sad_ratio": 0.06714402050093807, "avg_speed": 4.587720305159331, "avg_pitch": 244.25563727287653, "distress_events": 0.1561729828152898, "timestamp": "2026-08-19T23:59:59"}