{"sad_ratio": 0.03681271030348815, "avg_speed": 4.553566606904573, "avg_pitch": 224.5806216965476, "distress_events": 0.055696777151460715, "timestamp": "2026-08-18T23:59:59"}