{"sad_ratio": 0.02791812074198063, "avg_speed": 4.276644024467924, "avg_pitch": 208.7338374316092, "distress_events": 0.22873637802378027, "timestamp": "2026-07-17T23:59:59"}