{"sad_ratio": 0.03940193401467759, "avg_speed": 4.897977196087179, "pitch_variability": 40.34275900558333, "distress_events": 0.0, "timestamp": "2026-07-31T23:59:59"}