{"sad_ratio": 0.0533448630172989, "avg_speed": 4.717341540832882, "pitch_variability": 37.68160190130764, "distress_events": 0.07188084603725339, "timestamp": "2026-08-10T23:59:59"}