{"sad_ratio": 0.06018384654764063, "avg_speed": 4.505919222986488, "pitch_variability": 35.08587055604209, "distress_events": 0.0, "timestamp": "2026-07-20T23:59:59"}