{"sad_ratio": 0.21120339093939508, "avg_speed": 2.331839096425362, "pitch_variability": 9.058085791323501, "distress_events": 3.9129512884383497, "timestamp": "2026-07-27T23:59:59"}