{"sad_ratio": 0.05821837595899254, "avg_speed": 4.274321623195127, "avg_pitch": 218.96420117685923, "distress_events": 0.3475103661697717, "timestamp": "2026-08-06T23:59:59"}