{"sad_ratio": 0.08170976632280155, "avg_speed": 4.79780520039309, "pitch_variability": 26.63921828621011, "distress_events": 0.12669302112619032, "timestamp": "2026-07-07T23:59:59"}