{"sad_ratio": 0.05560342499420642, "avg_speed": 4.944226697055385, "pitch_variability": 36.410300646483755, "distress_events": 0.0, "timestamp": "2026-07-14T23:59:59"}