{"sad_ratio": 0.043755788613431684, "avg_speed": 4.358488865962581, "pitch_variability": 28.626258001962526, "distress_events": 0.01892089913752351, "timestamp": "2026-08-14T23:59:59"}