{"sad_ratio": 0.06752143349202415, "avg_speed": 4.3369656409065716, "avg_pitch": 224.65853576323994, "distress_events": 0.1741016641113613, "timestamp": "2026-08-05T23:59:59"}