{"sad_ratio": 0.03161938635530744, "avg_speed": 4.051559107291447, "pitch_variability": 31.059933029211244, "distress_events": 0.0, "timestamp": "2026-07-13T23:59:59"}