{"sad_ratio": 0.034523327035472756, "avg_speed": 4.47181599589968, "avg_pitch": 240.33982785583035, "distress_events": 0.09207931560360254, "timestamp": "2026-07-21T23:59:59"}