{"sad_ratio": 0.055107860010838366, "avg_speed": 4.262315039124001, "pitch_variability": 29.866215974618775, "distress_events": 0.0, "timestamp": "2026-07-15T23:59:59"}