{"sad_ratio": 0.04802283602333549, "avg_speed": 4.017407912801455, "pitch_variability": 29.257177582271485, "distress_events": 0.0, "timestamp": "2026-07-04T23:59:59"}