{"sad_ratio": 0.04976982145230495, "avg_speed": 4.163240073000724, "avg_pitch": 228.7729402819587, "distress_events": 0.032501651737525256, "timestamp": "2026-07-10T23:59:59"}