{"sad_ratio": 0.024602767911123872, "avg_speed": 4.325849862063478, "avg_pitch": 205.94820086591096, "distress_events": 0.08249688748316797, "timestamp": "2026-07-19T23:59:59"}