{"sad_ratio": 0.04504304701650904, "avg_speed": 4.250415563089701, "pitch_variability": 26.47713381676893, "distress_events": 0.3251222905213069, "timestamp": "2026-07-01T23:59:59"}