{"sad_ratio": 0.07006631784046705, "avg_speed": 4.697156124734642, "avg_pitch": 230.15499386395064, "distress_events": 0.23444620922651122, "timestamp": "2026-07-02T23:59:59"}