{"sad_ratio": 0.06201184441470477, "avg_speed": 4.510336916162161, "pitch_variability": 31.31582752253948, "distress_events": 0.0908317808472231, "timestamp": "2026-08-02T23:59:59"}