{"sad_ratio": 0.05146401926425361, "avg_speed": 4.894519751354946, "pitch_variability": 32.265579762288006, "distress_events": 0.19769042541967868, "timestamp": "2026-07-31T23:59:59"}