{"sad_ratio": 0.04683672047954599, "avg_speed": 4.30957546925367, "pitch_variability": 36.499439444613174, "distress_events": 0.3967356663696511, "timestamp": "2026-08-16T23:59:59"}