{"sad_ratio": 0.03948894266004209, "avg_speed": 4.64337486387105, "avg_pitch": 226.59853664300508, "distress_events": 0.11767693715533552, "timestamp": "2026-08-14T23:59:59"}