{"sad_ratio": 0.04927100649387232, "avg_speed": 4.805919809596755, "pitch_variability": 34.520008769792234, "distress_events": 0.1115102448986608, "timestamp": "2026-07-17T23:59:59"}