{"sad_ratio": 0.02751341342282563, "avg_speed": 4.519743236544674, "pitch_variability": 40.81059594914672, "distress_events": 0.3096757539521367, "timestamp": "2026-07-07T23:59:59"}