{"sad_ratio": 0.05865160559679414, "avg_speed": 4.716418263794953, "avg_pitch": 203.9410145301355, "distress_events": 0.15447858838197118, "timestamp": "2026-07-22T23:59:59"}