{"sad_ratio": 0.036093507488017464, "avg_speed": 4.410177519732414, "pitch_variability": 28.735033265275902, "distress_events": 0.022925816991134385, "timestamp": "2026-08-13T23:59:59"}