{"sad_ratio": 0.06758031829824351, "avg_speed": 4.09627725780893, "pitch_variability": 35.256870801589365, "distress_events": 0.35617773421914267, "timestamp": "2026-08-03T23:59:59"}