{"sad_ratio": 0.05969082462402761, "avg_speed": 4.321168747826787, "pitch_variability": 39.72518210327358, "distress_events": 0.1678075552957306, "timestamp": "2026-07-18T23:59:59"}