{"sad_ratio": 0.04048567245780885, "avg_speed": 5.021791008739255, "pitch_variability": 32.699421222296536, "distress_events": 0.018789362843606355, "timestamp": "2026-07-19T23:59:59"}