{"sad_ratio": 0.06693041235754814, "avg_speed": 4.1687634165732375, "pitch_variability": 32.03433417342056, "distress_events": 0.07851722454421256, "timestamp": "2026-07-16T23:59:59"}