{"sad_ratio": 0.08007412397464844, "avg_speed": 4.698772788558309, "avg_pitch": 232.85548769729255, "distress_events": 0.18840836630950628, "timestamp": "2026-08-01T23:59:59"}