{"sad_ratio": 0.04778919173515451, "avg_speed": 4.201748292767256, "avg_pitch": 231.9013444337516, "distress_events": 0.0, "timestamp": "2026-08-04T23:59:59"}