{"sad_ratio": 0.0554436562564008, "avg_speed": 4.504457601890407, "avg_pitch": 206.78339118020506, "distress_events": 0.30821652424214063, "timestamp": "2026-08-02T23:59:59"}