{"sad_ratio": 0.031082198377728333, "avg_speed": 4.33218575578068, "pitch_variability": 35.357032426735515, "distress_events": 0.0, "timestamp": "2026-08-18T23:59:59"}