{"sad_ratio": 0.0662119641909262, "avg_speed": 4.732266045479867, "pitch_variability": 22.374095040182517, "distress_events": 0.19032342113108297, "timestamp": "2026-08-03T23:59:59"}