{"sad_ratio": 0.04909674243180677, "avg_speed": 4.8438758071863415, "avg_pitch": 208.46946759715107, "distress_events": 0.3031847889337793, "timestamp": "2026-08-10T23:59:59"}