{"sad_ratio": 0.07908009831859956, "avg_speed": 3.98898352012485, "avg_pitch": 207.88377413187183, "distress_events": 0.14520968198089504, "timestamp": "2026-07-14T23:59:59"}