{"sad_ratio": 0.08893380538623846, "avg_speed": 5.001346981387722, "avg_pitch": 228.1795678200687, "distress_events": 0.6074708229846224, "timestamp": "2026-07-03T23:59:59"}