{"sad_ratio": 0.04583525605143564, "avg_speed": 4.747438233523384, "pitch_variability": 37.66986554893214, "distress_events": 0.1724891171916313, "timestamp": "2026-07-10T23:59:59"}