{"sad_ratio": 0.04502770574678978, "avg_speed": 4.3363969909698445, "pitch_variability": 32.86578824606838, "distress_events": 0.0, "timestamp": "2026-08-10T23:59:59"}