{"sad_ratio": 0.02388644058068191, "avg_speed": 4.076806920713249, "pitch_variability": 31.366987881447386, "distress_events": 0.0, "timestamp": "2026-07-12T23:59:59"}