{"sad_ratio": 0.02795173831085008, "avg_speed": 4.85399222932906, "pitch_variability": 38.72726455492744, "distress_events": 0.06966138545859953, "timestamp": "2026-07-17T23:59:59"}