{"sad_ratio": 0.042281031310721605, "avg_speed": 4.020782363039437, "avg_pitch": 216.46356781645846, "distress_events": 0.0, "timestamp": "2026-08-08T23:59:59"}