{"sad_ratio": 0.006200178708583179, "avg_speed": 3.952611562555851, "pitch_variability": 24.489408329158532, "distress_events": 0.32743439463072443, "timestamp": "2026-08-19T23:59:59"}