{"sad_ratio": 0.06537997011495551, "avg_speed": 4.880127760997902, "avg_pitch": 203.6710812603279, "distress_events": 0.22366594446816235, "timestamp": "2026-07-24T23:59:59"}