{"sad_ratio": 0.05997072867865973, "avg_speed": 4.605295707524596, "avg_pitch": 216.59836500392743, "distress_events": 0.4088693623732981, "timestamp": "2026-07-18T23:59:59"}