{"sad_ratio": 0.025726297899423232, "avg_speed": 4.834894070876875, "pitch_variability": 30.998996464913386, "distress_events": 0.27934957970716245, "timestamp": "2026-07-11T23:59:59"}