{"sad_ratio": 0.06911929575514708, "avg_speed": 4.058522537589789, "pitch_variability": 29.958658411224334, "distress_events": 0.1895359857529864, "timestamp": "2026-08-12T23:59:59"}