{"sad_ratio": 0.06826348726944297, "avg_speed": 4.148897644682999, "avg_pitch": 245.9064167892144, "distress_events": 0.3645259933058477, "timestamp": "2026-08-15T23:59:59"}