{"sad_ratio": 0.04896751394730622, "avg_speed": 4.297056923426146, "pitch_variability": 28.154323790123975, "distress_events": 0.06714153142855091, "timestamp": "2026-08-04T23:59:59"}