{"sad_ratio": 0.03202057460569264, "avg_speed": 3.7366940329521205, "avg_pitch": 191.34890526590192, "distress_events": 0.03934236871559008, "timestamp": "2026-08-05T23:59:59"}