{"sad_ratio": 0.014984064087992582, "avg_speed": 3.762497595258409, "avg_pitch": 202.13422917712336, "distress_events": 0.12465114215134433, "timestamp": "2026-08-09T23:59:59"}