{"sad_ratio": 0.01291073021434876, "avg_speed": 4.1445627126744515, "avg_pitch": 198.73568459341337, "distress_events": 0.07877348253508752, "timestamp": "2026-08-03T23:59:59"}