{"sad_ratio": 0.017526114830273234, "avg_speed": 3.921631678349569, "avg_pitch": 187.47204055476743, "distress_events": 0.008002849214994036, "timestamp": "2026-07-13T23:59:59"}