{"sad_ratio": 0.0, "avg_speed": 3.4313577573418677, "avg_pitch": 211.8241807356471, "distress_events": 0.1742689236947649, "timestamp": "2026-07-14T23:59:59"}