{"sad_ratio": 0.04346362400896983, "avg_speed": 3.654293510110659, "avg_pitch": 210.35464931719508, "distress_events": 0.1936031986633917, "timestamp": "2026-07-21T23:59:59"}