{"sad_ratio": 0.0008067017398170236, "avg_speed": 3.6255588045074996, "avg_pitch": 221.93823469369374, "distress_events": 0.14561865583600575, "timestamp": "2026-08-08T23:59:59"}