{"sad_ratio": 0.05352090702848886, "avg_speed": 4.300329344843655, "avg_pitch": 189.10802529808421, "distress_events": 0.14555833433606352, "timestamp": "2026-07-18T23:59:59"}