{"sad_ratio": 0.05004402579508721, "avg_speed": 3.486209379265158, "avg_pitch": 201.68093487601908, "distress_events": 0.04937993937007131, "timestamp": "2026-07-01T23:59:59"}