{"sad_ratio": 0.0, "avg_speed": 4.094530699212834, "avg_pitch": 208.5838828302446, "distress_events": 0.0, "timestamp": "2026-07-07T23:59:59"}