{"sad_ratio": 0.0, "avg_speed": 3.9902679091439786, "avg_pitch": 220.57170637050882, "distress_events": 0.0, "timestamp": "2026-08-14T23:59:59"}