{"sad_ratio": 0.04390813108210517, "avg_speed": 3.770224113832186, "avg_pitch": 215.57063723486954, "distress_events": 23.13646300064928, "timestamp": "2026-07-20T23:59:59"}