{"sad_ratio": 0.046928198699915935, "avg_speed": 3.760120624248757, "avg_pitch": 191.47350586170208, "distress_events": 0.20691359160011308, "timestamp": "2026-08-02T23:59:59"}