{"sad_ratio": 0.013473207566131875, "avg_speed": 4.046055720363954, "avg_pitch": 198.58936396482815, "distress_events": 0.09081525726726469, "timestamp": "2026-07-03T23:59:59"}