{"sad_ratio": 0.02342267642315331, "avg_speed": 3.772742006334001, "avg_pitch": 198.82147227640843, "distress_events": 0.0, "timestamp": "2026-07-02T23:59:59"}