{"sad_ratio": 0.05052706095173127, "avg_speed": 3.9025998087893825, "avg_pitch": 184.47306723513907, "distress_events": 0.0, "timestamp": "2026-07-29T23:59:59"}