{"sad_ratio": 0.03905461580441645, "avg_speed": 3.7210582960197662, "avg_pitch": 196.09197251196332, "distress_events": 0.17320533072919758, "timestamp": "2026-07-05T23:59:59"}