{"sad_ratio": 0.028637717677831454, "avg_speed": 3.9697370406232144, "avg_pitch": 195.58034373750888, "distress_events": 0.07645070696233541, "timestamp": "2026-07-23T23:59:59"}