{"sad_ratio": 0.05829316764469304, "avg_speed": 3.857593043298294, "avg_pitch": 184.4308969653988, "distress_events": 0.12436918336256603, "timestamp": "2026-08-15T23:59:59"}