{"sad_ratio": 0.01311161006431888, "avg_speed": 3.9068524152063655, "avg_pitch": 191.51887444812584, "distress_events": 0.076183633580114, "timestamp": "2026-07-26T23:59:59"}