{"sad_ratio": 0.040883483694321654, "avg_speed": 3.9625541092092536, "avg_pitch": 203.82310919422173, "distress_events": 0.1598547928270884, "timestamp": "2026-07-22T23:59:59"}