{"sad_ratio": 0.0203147843211717, "avg_speed": 3.796245198336133, "avg_pitch": 189.92106005746805, "distress_events": 0.0, "timestamp": "2026-07-15T23:59:59"}