{"sad_ratio": 0.0020266016888566725, "avg_speed": 3.6837906418615547, "avg_pitch": 207.23739549267046, "distress_events": 0.1284284293448139, "timestamp": "2026-07-09T23:59:59"}