{"sad_ratio": 0.04185450262166861, "avg_speed": 3.5393689849323318, "avg_pitch": 194.08547361841815, "distress_events": 0.14250318352594998, "timestamp": "2026-07-25T23:59:59"}