{"sad_ratio": 0.0487295247611323, "avg_speed": 3.7610386066113217, "avg_pitch": 196.05890248433695, "distress_events": 0.010466634875320138, "timestamp": "2026-08-12T23:59:59"}