{"sad_ratio": 0.024185591535377957, "avg_speed": 4.0803375775037924, "avg_pitch": 203.40646011368312, "distress_events": 0.007686072868924879, "timestamp": "2026-07-28T23:59:59"}