{"sad_ratio": 0.008643125915008504, "avg_speed": 3.477893750668631, "avg_pitch": 190.01188899283005, "distress_events": 0.0, "timestamp": "2026-08-17T23:59:59"}