{"sad_ratio": 0.02578345148489573, "avg_speed": 3.866524284936553, "avg_pitch": 207.28591923633041, "distress_events": 0.04945578732248369, "timestamp": "2026-08-16T23:59:59"}