{"sad_ratio": 0.03485609699470711, "avg_speed": 3.932438525157487, "avg_pitch": 219.31743657739952, "distress_events": 0.08931506003519178, "timestamp": "2026-07-30T23:59:59"}