{"sad_ratio": 0.013737822671294767, "avg_speed": 3.7731070447963835, "avg_pitch": 211.84881836941057, "distress_events": 0.048444676034186576, "timestamp": "2026-07-19T23:59:59"}