{"sad_ratio": 0.00794150253025296, "avg_speed": 4.0161972245434185, "avg_pitch": 197.86558832348535, "distress_events": 0.004109043636970469, "timestamp": "2026-08-13T23:59:59"}