{"sad_ratio": 0.04287216250039781, "avg_speed": 3.718021062191516, "avg_pitch": 196.8808412172191, "distress_events": 0.139757562980869, "timestamp": "2026-08-04T23:59:59"}