{"sad_ratio": 0.01809231128762533, "avg_speed": 3.7818717298384956, "avg_pitch": 206.7404244154722, "distress_events": 0.0, "timestamp": "2026-08-06T23:59:59"}