{"sad_ratio": 0.016269912178668522, "avg_speed": 4.012597244851506, "avg_pitch": 211.72545921965477, "distress_events": 0.12879532921114437, "timestamp": "2026-07-06T23:59:59"}