{"sad_ratio": 0.02953752528216541, "avg_speed": 3.5321318349631823, "avg_pitch": 202.15887011646328, "distress_events": 0.0, "timestamp": "2026-07-11T23:59:59"}