{"sad_ratio": 0.015780245383507807, "avg_speed": 3.7734776339314657, "avg_pitch": 206.16882764271185, "distress_events": 0.2306417470479155, "timestamp": "2026-08-19T23:59:59"}