{"sad_ratio": 0.022229824406111307, "avg_speed": 3.9704594339936197, "avg_pitch": 220.1351460266558, "distress_events": 0.16440235430425765, "timestamp": "2026-07-04T23:59:59"}