{"sad_ratio": 0.0008866178795505011, "avg_speed": 3.7667127392444835, "avg_pitch": 192.84554266342718, "distress_events": 0.15153418994422976, "timestamp": "2026-07-31T23:59:59"}