{"sad_ratio": 0.047845141596948304, "avg_speed": 3.8016983560527473, "avg_pitch": 179.5476202933952, "distress_events": 0.0, "timestamp": "2026-07-16T23:59:59"}