{"sad_ratio": 0.0, "avg_speed": 3.800564537104236, "avg_pitch": 207.87280220748644, "distress_events": 0.017934828217669625, "timestamp": "2026-07-08T23:59:59"}