{"sad_ratio": 0.04708331959682032, "avg_speed": 3.766474611248032, "avg_pitch": 191.72022551184054, "distress_events": 0.16289320816603664, "timestamp": "2026-07-12T23:59:59"}