{"sad_ratio": 0.04783125951353959, "avg_speed": 4.134766996749992, "avg_pitch": 199.41539097574574, "distress_events": 0.059402189056801814, "timestamp": "2026-08-18T23:59:59"}