{"sad_ratio": 0.01627806344744724, "avg_speed": 3.9381128966434487, "avg_pitch": 186.23256500223835, "distress_events": 0.0, "timestamp": "2026-08-11T23:59:59"}