{"sad_ratio": 0.030527104259006062, "avg_speed": 3.6217428558816485, "avg_pitch": 209.62133608310404, "distress_events": 0.21298448380027873, "timestamp": "2026-07-17T23:59:59"}