{"sad_ratio": 0.02951918846116632, "avg_speed": 3.9166279404372104, "avg_pitch": 202.84281836269741, "distress_events": 0.04698595643026009, "timestamp": "2026-07-24T23:59:59"}