{"sad_ratio": 0.02467268394521247, "avg_speed": 3.6911939585441944, "avg_pitch": 178.00791575286755, "distress_events": 0.09382017505450323, "timestamp": "2026-07-10T23:59:59"}