{"sad_ratio": 0.008793961326652975, "avg_speed": 3.775530024859212, "avg_pitch": 184.5645123780693, "distress_events": 0.0, "timestamp": "2026-08-01T23:59:59"}