{"sad_ratio": 0.040240145153316254, "avg_speed": 3.932796500316774, "avg_pitch": 182.02847804336213, "distress_events": 0.12530921503035244, "timestamp": "2026-07-27T23:59:59"}