{"sad_ratio": 0.056458008978914224, "avg_speed": 3.847867859896899, "avg_pitch": 193.19970310699154, "distress_events": 0.057023221052266135, "timestamp": "2026-08-07T23:59:59"}