{"sad_ratio": 0.0029569539105771016, "avg_speed": 3.8965354963567957, "avg_pitch": 214.5851259119623, "distress_events": 0.0, "timestamp": "2026-08-10T23:59:59"}