{"sleep_efficiency": 0.8173337252166635, "deep_sleep_ratio": 0.2260695661299926, "sfi": 5.79545887806904, "hrv_rmssd": 41.91930546679279, "timestamp": "2026-07-24T06:00:00"}