{"sleep_efficiency": 0.7709611675870108, "deep_sleep_ratio": 0.23684215853640522, "sfi": 4.287857637709808, "hrv_rmssd": 38.74139809544832, "timestamp": "2026-07-25T06:00:00"}