{"sleep_efficiency": 0.8838017294111061, "deep_sleep_ratio": 0.22724989584489447, "sfi": 4.641148392405497, "hrv_rmssd": 45.81812580977688, "timestamp": "2026-07-04T06:00:00"}