{"sleep_efficiency": 0.8027638738649441, "deep_sleep_ratio": 0.19664073370135307, "sfi": 7.305315209740419, "hrv_rmssd": 43.912378396265936, "timestamp": "2026-08-17T06:00:00"}