{"sleep_efficiency": 0.8696651914384882, "deep_sleep_ratio": 0.27933910463116124, "sfi": 6.48195240188719, "hrv_rmssd": 31.517478614138202, "timestamp": "2026-08-15T06:00:00"}