{"sleep_efficiency": 0.8702518068789836, "deep_sleep_ratio": 0.2822188325716383, "sfi": 5.723293879991012, "hrv_rmssd": 42.17364406431962, "timestamp": "2026-07-19T06:00:00"}