{"sleep_efficiency": 0.8508405742744343, "deep_sleep_ratio": 0.32005172973626833, "sfi": 7.5640023571129325, "hrv_rmssd": 32.51692050570133, "timestamp": "2026-07-09T06:00:00"}