{"sleep_efficiency": 0.780342778848757, "deep_sleep_ratio": 0.23635431345706956, "sfi": 4.985477672777859, "hrv_rmssd": 46.13887598014982, "timestamp": "2026-08-01T06:00:00"}