{"sleep_efficiency": 0.7874367650979744, "deep_sleep_ratio": 0.26445095276554964, "sfi": 6.378721138725773, "hrv_rmssd": 41.21335985940369, "timestamp": "2026-07-28T06:00:00"}