{"sleep_efficiency": 0.7719315265640412, "deep_sleep_ratio": 0.33091316163626683, "sfi": 6.688132340902505, "hrv_rmssd": 34.25590413569539, "timestamp": "2026-07-21T06:00:00"}