{"sleep_efficiency": 0.7894347807511316, "deep_sleep_ratio": 0.2625361087883531, "sfi": 6.4418994938621434, "hrv_rmssd": 43.19254347688388, "timestamp": "2026-07-07T06:00:00"}