{"sleep_efficiency": 0.8522760292009357, "deep_sleep_ratio": 0.2190689533160941, "sfi": 7.5282825533045195, "hrv_rmssd": 42.37935765130256, "timestamp": "2026-07-26T06:00:00"}