{"sleep_efficiency": 0.8539086601153032, "deep_sleep_ratio": 0.24553176010442831, "sfi": 5.0870971125648055, "hrv_rmssd": 43.50972260514174, "timestamp": "2026-07-22T06:00:00"}