{"sleep_efficiency": 0.7702006926459342, "deep_sleep_ratio": 0.2510279582283756, "sfi": 7.456781916919182, "hrv_rmssd": 42.24098779059825, "timestamp": "2026-08-08T06:00:00"}