{"sleep_efficiency": 0.7663581878086345, "deep_sleep_ratio": 0.22066456900198728, "sfi": 4.545236657142536, "hrv_rmssd": 47.69750904376195, "timestamp": "2026-08-04T06:00:00"}