{"sleep_efficiency": 0.8147249470371271, "deep_sleep_ratio": 0.2586644680332218, "sfi": 5.3897442160570845, "hrv_rmssd": 37.839126905498496, "timestamp": "2026-07-12T06:00:00"}