{"sleep_efficiency": 0.776880487718929, "deep_sleep_ratio": 0.2705172796323575, "sfi": 4.90530490976062, "hrv_rmssd": 42.51713811497723, "timestamp": "2026-07-05T06:00:00"}