{"sleep_efficiency": 0.8356844634419371, "deep_sleep_ratio": 0.23418856641326463, "sfi": 6.001259248682808, "hrv_rmssd": 50.036749392417576, "timestamp": "2026-07-30T06:00:00"}