{"sleep_efficiency": 0.7700540080639837, "deep_sleep_ratio": 0.2671986645364009, "sfi": 3.711386243969898, "hrv_rmssd": 40.76540705011556, "timestamp": "2026-07-15T06:00:00"}