{"sleep_efficiency": 0.8311508757631103, "deep_sleep_ratio": 0.23587041801420358, "sfi": 6.71119777609456, "hrv_rmssd": 50.78953061150364, "timestamp": "2026-08-09T06:00:00"}