{"sleep_efficiency": 0.794998001903063, "deep_sleep_ratio": 0.22900434256927085, "sfi": 6.151854089988172, "hrv_rmssd": 41.03350018595416, "timestamp": "2026-07-20T06:00:00"}