{"sleep_efficiency": 0.7755676111191077, "deep_sleep_ratio": 0.2649380948271724, "sfi": 7.620922876248976, "hrv_rmssd": 50.60042489634837, "timestamp": "2026-07-23T06:00:00"}