{"sleep_efficiency": 0.7984243282098931, "deep_sleep_ratio": 0.2821007848404235, "sfi": 3.118406697522224, "hrv_rmssd": 40.42643554817452, "timestamp": "2026-07-17T06:00:00"}