{"sleep_efficiency": 0.7312977930488307, "deep_sleep_ratio": 0.18328916298461193, "sfi": 6.020727040448251, "hrv_rmssd": 37.44936409224829, "timestamp": "2026-08-11T06:00:00"}