{"sleep_efficiency": 0.7915278806509114, "deep_sleep_ratio": 0.3093278555859013, "sfi": 6.7046058389143335, "hrv_rmssd": 41.22394836321593, "timestamp": "2026-07-13T06:00:00"}