{"sleep_efficiency": 0.8806753095682747, "deep_sleep_ratio": 0.3057574970538847, "sfi": 4.259209040292964, "hrv_rmssd": 36.67012314658045, "timestamp": "2026-07-14T06:00:00"}