{"sleep_efficiency": 0.8369785864071441, "deep_sleep_ratio": 0.26439236203837174, "sfi": 3.544110263332032, "hrv_rmssd": 44.302271284199534, "timestamp": "2026-07-27T06:00:00"}