{"sleep_efficiency": 0.7846345630854643, "deep_sleep_ratio": 0.24247945590443745, "sfi": 5.67703990608352, "hrv_rmssd": 46.60008766014059, "timestamp": "2026-07-02T06:00:00"}