{"sleep_efficiency": 0.8427908501825712, "deep_sleep_ratio": 0.2703588557147427, "sfi": 4.758287350322598, "hrv_rmssd": 32.57626149690556, "timestamp": "2026-07-18T06:00:00"}