{"sleep_efficiency": 0.8471497988599617, "deep_sleep_ratio": 0.22800470077693888, "sfi": 5.370444360982491, "hrv_rmssd": 45.566951523887575, "timestamp": "2026-07-01T06:00:00"}