{"sleep_efficiency": 0.8426840999429567, "deep_sleep_ratio": 0.22425391997605781, "sfi": 8.278560232143404, "hrv_rmssd": 45.74870929372573, "timestamp": "2026-08-13T06:00:00"}