{"sleep_efficiency": 0.8443906345920106, "deep_sleep_ratio": 0.2453910600241856, "sfi": 6.1687731310192735, "hrv_rmssd": 33.617477880200084, "timestamp": "2026-08-06T06:00:00"}