{"sleep_efficiency": 0.8337055098012952, "deep_sleep_ratio": 0.2523840619808108, "sfi": 4.710704399018734, "hrv_rmssd": 41.33584188531676, "timestamp": "2026-07-16T06:00:00"}