{"sleep_efficiency": 0.823518939097866, "deep_sleep_ratio": 0.1570662796644044, "sfi": 5.352380397225727, "hrv_rmssd": 42.42531842389089, "timestamp": "2026-08-07T06:00:00"}