{"sleep_efficiency": 0.7057445035342382, "deep_sleep_ratio": 0.30050044021621747, "sfi": 3.8469826120826434, "hrv_rmssd": 40.75899901840435, "timestamp": "2026-08-18T06:00:00"}