{"sleep_efficiency": 0.8649569944159027, "deep_sleep_ratio": 0.22880485139560075, "sfi": 6.093849879988216, "hrv_rmssd": 39.443304165333736, "timestamp": "2026-08-05T06:00:00"}