{"sleep_efficiency": 0.7921669115420181, "deep_sleep_ratio": null, "sfi": null, "hrv_rmssd": 52.85958555783855, "timestamp": "2026-07-11T06:00:00"}