{"sleep_efficiency": 0.8098156931026946, "deep_sleep_ratio": null, "sfi": 2.9056446272503687, "hrv_rmssd": 35.468058989579674, "timestamp": "2026-07-10T06:00:00"}