{"sleep_efficiency": 0.8647726504329608, "deep_sleep_ratio": 0.23778068134417438, "sfi": 2.4482522256405144, "hrv_rmssd": 36.4108074801364, "timestamp": "2026-08-12T06:00:00"}