{"sleep_efficiency": 0.9286466246761759, "deep_sleep_ratio": 0.15108669979691036, "sfi": 6.183836906967887, "hrv_rmssd": 45.5645666773968, "timestamp": "2026-08-14T06:00:00"}