{"sleep_efficiency": 0.8318324281086429, "deep_sleep_ratio": 0.20475274197702523, "sfi": 4.849483056519082, "hrv_rmssd": 37.76235070361166, "timestamp": "2026-07-06T06:00:00"}