{"sleep_efficiency": 0.8302802864308672, "deep_sleep_ratio": 0.2168712910765325, "sfi": 7.254288605504339, "hrv_rmssd": 45.49199238632407, "timestamp": "2026-08-10T06:00:00"}