{"sleep_efficiency": 0.7872983447080898, "deep_sleep_ratio": 0.1619073010124551, "sfi": 5.233759909950522, "hrv_rmssd": 45.68504232100336, "timestamp": "2026-07-03T06:00:00"}