{"sleep_efficiency": 0.7874755947402436, "deep_sleep_ratio": 0.25868417199177757, "sfi": 6.303060337877735, "hrv_rmssd": 38.61163263217065, "timestamp": "2026-08-16T06:00:00"}