{"sleep_efficiency": 0.8361863933688274, "deep_sleep_ratio": 0.2614901537120335, "sfi": 5.646495540212455, "hrv_rmssd": 38.84264656255712, "timestamp": "2026-07-31T06:00:00"}