{"sleep_efficiency": 0.8315639342652843, "deep_sleep_ratio": 0.2549762466994613, "sfi": 3.703954280297607, "hrv_rmssd": 46.263522499232266, "timestamp": "2026-08-02T06:00:00"}