{"sleep_efficiency": 0.7701951734732329, "deep_sleep_ratio": 0.2633674489113409, "sfi": 4.451938920272623, "hrv_rmssd": 39.21201535032364, "timestamp": "2026-07-29T06:00:00"}