{"sleep_efficiency": 0.8722313679690197, "deep_sleep_ratio": 0.26651458974633935, "sfi": 4.689352269821731, "hrv_rmssd": 41.130458526669166, "timestamp": "2026-08-03T06:00:00"}