{"sleep_efficiency": 0.8634899282719499, "deep_sleep_ratio": 0.3169985811457591, "sfi": 9.780650129503066, "hrv_rmssd": 51.74961492253971, "timestamp": "2026-07-08T06:00:00"}