{"sleep_efficiency": 0.8479860527879327, "deep_sleep_ratio": 0.2830082026137799, "sfi": 9.869617421163282, "hrv_rmssd": 36.61868402641711, "timestamp": "2026-08-19T06:00:00"}