{"sad_ratio": 0.051150951803792956, "avg_speed": 4.480450663671736, "avg_pitch": 252.19596684217606, "distress_events": 0.0, "timestamp": "2026-07-05T23:59:59"}