{"sad_ratio": 0.054516892483318265, "avg_speed": 3.775838380565219, "avg_pitch": 216.26663419607968, "distress_events": 0.15130848862184387, "timestamp": "2026-08-17T23:59:59"}