{"sad_ratio": 0.07544932355070312, "avg_speed": 4.635671323188265, "avg_pitch": 243.42584886174598, "distress_events": 0.0, "timestamp": "2026-07-15T23:59:59"}