{"sad_ratio": 0.05811764293236803, "avg_speed": 4.016092378339554, "avg_pitch": 220.2485184286132, "distress_events": 0.3028466347580103, "timestamp": "2026-08-01T23:59:59"}