{"sad_ratio": 0.04058866251794643, "avg_speed": 3.9817041501914168, "avg_pitch": 202.20075211397977, "distress_events": 0.5414968077585801, "timestamp": "2026-07-22T23:59:59"}