{"sad_ratio": null, "avg_speed": 4.433606955679017, "avg_pitch": 204.32774148565773, "distress_events": 0.0, "timestamp": "2026-07-10T23:59:59"}