{"sad_ratio": 0.10683447339188859, "avg_speed": 3.816469089521263, "avg_pitch": 206.8580587557737, "distress_events": 0.3101822355649502, "timestamp": "2026-08-11T23:59:59"}