{"sad_ratio": 0.05952183993270972, "avg_speed": 4.038940378312159, "avg_pitch": 220.73126483660457, "distress_events": 0.09674061845079324, "timestamp": "2026-07-02T23:59:59"}