{"sad_ratio": 0.03133429939805671, "avg_speed": 4.329220911346468, "avg_pitch": 238.02969464099633, "distress_events": 0.21350114315415752, "timestamp": "2026-07-30T23:59:59"}