{"sad_ratio": 0.05435594033270109, "avg_speed": 3.953472465735381, "avg_pitch": 227.39280643212732, "distress_events": 0.10291792705754113, "timestamp": "2026-08-04T23:59:59"}