{"sad_ratio": 0.09384370559552994, "avg_speed": 3.7445973591253985, "avg_pitch": 196.9529065528578, "distress_events": 0.10370187362462852, "timestamp": "2026-07-21T23:59:59"}