{"sad_ratio": 0.07570848462183226, "avg_speed": 4.423121186706737, "avg_pitch": 206.89941871510166, "distress_events": 0.45621882942229874, "timestamp": "2026-08-09T23:59:59"}