{"sad_ratio": 0.043029314422993, "avg_speed": 3.7624874460643754, "avg_pitch": 203.5823299813561, "distress_events": 0.0, "timestamp": "2026-08-19T23:59:59"}