{"sad_ratio": 0.013249524524242627, "avg_speed": 3.5283050527243542, "avg_pitch": 198.1461984196669, "distress_events": 0.37496500034504876, "timestamp": "2026-08-12T23:59:59"}