{"sad_ratio": 0.06982163733892267, "avg_speed": 4.902249274387671, "avg_pitch": null, "distress_events": 0.0, "timestamp": "2026-07-12T23:59:59"}