{"sad_ratio": 0.09643824627126434, "avg_speed": 3.374009580038211, "avg_pitch": 220.4963679141066, "distress_events": 0.0, "timestamp": "2026-08-10T23:59:59"}