{"sad_ratio": 0.07755675970019879, "avg_speed": 3.7825500096268314, "avg_pitch": 204.6215941175856, "distress_events": 0.0, "timestamp": "2026-07-27T23:59:59"}