{"sad_ratio": 0.08346422799950179, "avg_speed": 4.021722803688193, "avg_pitch": 244.55517124047955, "distress_events": 0.20136047148738673, "timestamp": "2026-07-08T23:59:59"}