{"sad_ratio": 0.009789770066003914, "avg_speed": 3.9387574148047806, "avg_pitch": 219.480314660075, "distress_events": 0.0, "timestamp": "2026-08-13T23:59:59"}