{"sad_ratio": 0.07518879763583199, "avg_speed": 4.000312382640691, "avg_pitch": 221.25534044063068, "distress_events": 0.5520853599979507, "timestamp": "2026-07-09T23:59:59"}