{"sad_ratio": 0.09160323295176143, "avg_speed": 3.6925980067602002, "avg_pitch": 223.31349034857178, "distress_events": 0.3599453233302151, "timestamp": "2026-08-02T23:59:59"}