{"sad_ratio": 0.07655113950893268, "avg_speed": 3.9293406549671595, "avg_pitch": 211.48903134314364, "distress_events": 0.017235243409185336, "timestamp": "2026-07-26T23:59:59"}