{"sad_ratio": 0.10821234581899125, "avg_speed": 3.8232970534103172, "avg_pitch": 241.07433830205127, "distress_events": 0.008259597722960033, "timestamp": "2026-08-14T23:59:59"}