{"sad_ratio": 0.04502777167288856, "avg_speed": 4.350561097880419, "avg_pitch": 231.55627781134027, "distress_events": 0.018716201341150762, "timestamp": "2026-07-25T23:59:59"}