{"sad_ratio": 0.01849599044715794, "avg_speed": 3.9570243430391545, "avg_pitch": 233.70415475696024, "distress_events": 0.05501995595721698, "timestamp": "2026-07-06T23:59:59"}