{"sad_ratio": 0.0841043012989343, "avg_speed": 4.075240976775519, "avg_pitch": 220.5698572810069, "distress_events": 0.26685461927694226, "timestamp": "2026-07-19T23:59:59"}