{"sad_ratio": 0.02046019355477538, "avg_speed": 3.983667503782544, "avg_pitch": 218.6580984197248, "distress_events": 0.029049914309196345, "timestamp": "2026-08-15T23:59:59"}