{"sad_ratio": 0.10091772998026291, "avg_speed": 3.7753569679930643, "avg_pitch": 221.3654601991665, "distress_events": 0.0, "timestamp": "2026-07-17T23:59:59"}