{"sad_ratio": 0.10749926460774184, "avg_speed": 3.5018299827016244, "avg_pitch": 203.85869583247813, "distress_events": 0.6933837361341051, "timestamp": "2026-08-08T23:59:59"}