{"sad_ratio": 0.05260057544366975, "avg_speed": 3.4814954881409745, "avg_pitch": 208.68359466195608, "distress_events": 0.06103525680291251, "timestamp": "2026-07-04T23:59:59"}