{"sad_ratio": 0.06422621107747456, "avg_speed": 3.7856953004148526, "avg_pitch": 212.73669951592737, "distress_events": 0.4311965264699953, "timestamp": "2026-07-16T23:59:59"}