{"sad_ratio": 0.015645306119751748, "avg_speed": 4.032375260729135, "avg_pitch": 191.81098604979886, "distress_events": 0.5158911785356154, "timestamp": "2026-07-24T23:59:59"}