{"sad_ratio": 0.0962403863691492, "avg_speed": 3.681838098455856, "avg_pitch": 224.7864993934737, "distress_events": 0.17033031096230256, "timestamp": "2026-07-01T23:59:59"}