{"sad_ratio": 0.06128131282837466, "avg_speed": 3.9333049551772037, "avg_pitch": 212.42150885261634, "distress_events": 0.056484049787443355, "timestamp": "2026-07-20T23:59:59"}