{"sad_ratio": 0.013270406232321869, "avg_speed": 3.6373509858899715, "avg_pitch": 219.46208572964642, "distress_events": 0.21807322936219548, "timestamp": "2026-07-23T23:59:59"}