{"sad_ratio": 0.07736431132084105, "avg_speed": 4.596358407169535, "avg_pitch": 226.51033643889883, "distress_events": 0.0, "timestamp": "2026-08-05T23:59:59"}