{"sad_ratio": 0.05960091227073939, "avg_speed": 3.929179129193793, "avg_pitch": 206.11395980484835, "distress_events": 0.0, "timestamp": "2026-08-16T23:59:59"}