{"sad_ratio": 0.03638667088236198, "avg_speed": 4.9113516161877495, "avg_pitch": 193.79578085786164, "distress_events": 0.6688805627669606, "timestamp": "2026-07-14T23:59:59"}