{"sad_ratio": 0.10857255902372794, "avg_speed": 3.6133636705653642, "avg_pitch": 223.06728076133322, "distress_events": 0.4846142554353784, "timestamp": "2026-07-18T23:59:59"}