{"sad_ratio": 0.11136201759137697, "avg_speed": 2.9625100919974896, "avg_pitch": 225.6239137795277, "distress_events": 0.18855541264512643, "timestamp": "2026-07-29T23:59:59"}