{"sad_ratio": 0.11701395688246932, "avg_speed": 3.592901685088713, "avg_pitch": 241.648806676029, "distress_events": 0.5053535991171197, "timestamp": "2026-07-28T23:59:59"}