{"sad_ratio": 0.07603467442298509, "avg_speed": 4.211999686043374, "avg_pitch": 198.78058771616534, "distress_events": 0.048830950365424605, "timestamp": "2026-07-03T23:59:59"}