{"sad_ratio": 0.04586239699277862, "avg_speed": 3.7546014190592487, "avg_pitch": 197.86295093498666, "distress_events": 0.2270143457315304, "timestamp": "2026-08-07T23:59:59"}