{"sad_ratio": 0.08080366496087202, "avg_speed": 3.8297824640103753, "avg_pitch": 224.31373146816236, "distress_events": 0.7025625766135959, "timestamp": "2026-08-03T23:59:59"}