{"sad_ratio": 0.12601390884197372, "avg_speed": 3.6449190179602473, "avg_pitch": 225.984887741057, "distress_events": 0.1781995692225537, "timestamp": "2026-08-06T23:59:59"}