{"sad_ratio": 0.06237500845385309, "avg_speed": 4.103729321970467, "avg_pitch": 204.47082137758335, "distress_events": 0.22065699154229257, "timestamp": "2026-08-18T23:59:59"}