{"sad_ratio": 0.017451495996506465, "avg_speed": 3.879399833167156, "avg_pitch": 217.3888654089584, "distress_events": 0.02904863658163448, "timestamp": "2026-07-13T23:59:59"}