{"sad_ratio": 0.04895391067106112, "avg_speed": 3.869876085269162, "avg_pitch": 205.07826806902338, "distress_events": 0.09003031278577626, "timestamp": "2026-07-31T23:59:59"}