{"sad_ratio": 0.028650329780800045, "avg_speed": 3.791390408823409, "avg_pitch": 218.98657155262225, "distress_events": 0.0, "timestamp": "2026-07-07T23:59:59"}