{"sleep_efficiency": 0.8318835337282501, "deep_sleep_ratio": 0.2774676653447604, "sfi": 2.412323872976534, "hrv_rmssd": 53.77168781922162, "timestamp": "2026-07-11T06:00:00"}