{"sleep_efficiency": 0.9305613990686354, "deep_sleep_ratio": 0.32782621720809374, "sfi": 3.6646418487945236, "hrv_rmssd": 48.95970548657982, "timestamp": "2026-07-31T06:00:00"}