{"sleep_efficiency": 0.8376477230362549, "deep_sleep_ratio": 0.3253926586708835, "sfi": 4.384241772309703, "hrv_rmssd": 55.63915807509248, "timestamp": "2026-07-05T06:00:00"}