{"sleep_efficiency": 0.8520433362179012, "deep_sleep_ratio": 0.2551871907465901, "sfi": 4.832531358214318, "hrv_rmssd": 48.24459412432754, "timestamp": "2026-07-17T06:00:00"}