{"sleep_efficiency": 0.8046592102290107, "deep_sleep_ratio": 0.2587597546454105, "sfi": 4.094619162657477, "hrv_rmssd": 39.20480943440144, "timestamp": "2026-07-21T06:00:00"}