{"sleep_efficiency": 0.8271665978913849, "deep_sleep_ratio": 0.2757821266839895, "sfi": 3.8080690292983728, "hrv_rmssd": 50.59888697549972, "timestamp": "2026-08-09T06:00:00"}