{"sleep_efficiency": 0.8221526405959835, "deep_sleep_ratio": 0.30191076113634974, "sfi": 2.6922788218056426, "hrv_rmssd": 46.257677386956644, "timestamp": "2026-07-06T06:00:00"}