{"sleep_efficiency": 0.8346276477917219, "deep_sleep_ratio": 0.2988673086352385, "sfi": 5.181293141443565, "hrv_rmssd": 42.19286603394804, "timestamp": "2026-08-16T06:00:00"}