{"sleep_efficiency": 0.9089149834013199, "deep_sleep_ratio": 0.2415199035112039, "sfi": 4.265982432040727, "hrv_rmssd": 43.20018065575828, "timestamp": "2026-08-18T06:00:00"}