{"sleep_efficiency": 0.9257413036756199, "deep_sleep_ratio": 0.27929022213703025, "sfi": 4.202781086425511, "hrv_rmssd": 46.60197010082573, "timestamp": "2026-07-07T06:00:00"}