{"sleep_efficiency": 0.837371895950957, "deep_sleep_ratio": 0.23434795347717052, "sfi": 4.450386944337683, "hrv_rmssd": 51.81268470048239, "timestamp": "2026-07-28T06:00:00"}