{"sleep_efficiency": 0.7833499594816202, "deep_sleep_ratio": 0.3188736205735686, "sfi": 4.441802220728712, "hrv_rmssd": 47.82164891284326, "timestamp": "2026-08-04T06:00:00"}