{"sleep_efficiency": 0.8498527021047324, "deep_sleep_ratio": 0.2758962934956113, "sfi": 3.9143112024350852, "hrv_rmssd": 45.03824653983859, "timestamp": "2026-07-19T06:00:00"}