{"sleep_efficiency": 0.8481639895581125, "deep_sleep_ratio": 0.28836605857906517, "sfi": 3.775908196634863, "hrv_rmssd": 41.19033293788349, "timestamp": "2026-07-18T06:00:00"}