{"sleep_efficiency": 0.8343198558379439, "deep_sleep_ratio": 0.34429161063664515, "sfi": 4.304205453750459, "hrv_rmssd": 44.367287153058236, "timestamp": "2026-07-15T06:00:00"}