{"sleep_efficiency": 0.8879556729291478, "deep_sleep_ratio": 0.3075683508467436, "sfi": 2.271919516302611, "hrv_rmssd": 48.869091829700466, "timestamp": "2026-08-07T06:00:00"}