{"sleep_efficiency": 0.82135707699182, "deep_sleep_ratio": 0.2489466351831391, "sfi": 3.0368319250790767, "hrv_rmssd": 50.52795705349247, "timestamp": "2026-07-02T06:00:00"}