{"sleep_efficiency": 0.8909653703523296, "deep_sleep_ratio": 0.30091602768065817, "sfi": 3.3941299716535136, "hrv_rmssd": 56.67566599011937, "timestamp": "2026-07-13T06:00:00"}