{"sleep_efficiency": 0.8632453362720689, "deep_sleep_ratio": 0.2644972537974789, "sfi": 4.021450996154379, "hrv_rmssd": 55.88600596304013, "timestamp": "2026-07-26T06:00:00"}