{"sleep_efficiency": 0.9633733193306164, "deep_sleep_ratio": 0.29818097313718955, "sfi": 4.213702859653324, "hrv_rmssd": 55.61482938170326, "timestamp": "2026-08-01T06:00:00"}