{"sleep_efficiency": 0.8807928955622046, "deep_sleep_ratio": 0.3570909657143463, "sfi": 5.054768668917623, "hrv_rmssd": 43.00868628197746, "timestamp": "2026-07-01T06:00:00"}