{"sleep_efficiency": 0.8585298848898215, "deep_sleep_ratio": 0.32989923216500805, "sfi": 6.009119241820895, "hrv_rmssd": 56.18779413890638, "timestamp": "2026-07-04T06:00:00"}