{"sleep_efficiency": 0.8523926086479807, "deep_sleep_ratio": 0.3400519775886535, "sfi": 4.026759209517645, "hrv_rmssd": 46.76908510082339, "timestamp": "2026-07-25T06:00:00"}