{"sleep_efficiency": 0.8545901276705438, "deep_sleep_ratio": 0.2955014216531247, "sfi": 4.255117510842799, "hrv_rmssd": 56.91826522830325, "timestamp": "2026-07-08T06:00:00"}