{"sleep_efficiency": 0.8665069457068485, "deep_sleep_ratio": 0.28876607706927415, "sfi": 4.355151424870614, "hrv_rmssd": 48.85139873568355, "timestamp": "2026-08-03T06:00:00"}