{"sleep_efficiency": 0.8170529659666643, "deep_sleep_ratio": 0.31170246433072185, "sfi": 1.855346196767878, "hrv_rmssd": 56.317915475895774, "timestamp": "2026-07-16T06:00:00"}