{"sleep_efficiency": 0.8706531170804014, "deep_sleep_ratio": 0.2756806938013701, "sfi": 3.142340945686386, "hrv_rmssd": 57.27932268059608, "timestamp": "2026-07-23T06:00:00"}