{"sleep_efficiency": 0.8946789499492377, "deep_sleep_ratio": 0.2777298667018277, "sfi": 4.083668862237161, "hrv_rmssd": 50.947559944041146, "timestamp": "2026-07-20T06:00:00"}