{"sleep_efficiency": 0.9095744372137431, "deep_sleep_ratio": 0.298648245860137, "sfi": 3.835167628631054, "hrv_rmssd": 47.44639533005477, "timestamp": "2026-08-14T06:00:00"}