{"sleep_efficiency": 0.8633261689542102, "deep_sleep_ratio": 0.2977325707744263, "sfi": 5.945693549574511, "hrv_rmssd": 44.9481430987027, "timestamp": "2026-08-19T06:00:00"}