{"sleep_efficiency": 0.8939130921233392, "deep_sleep_ratio": 0.2698025252901979, "sfi": 2.032903357436431, "hrv_rmssd": 53.71853235727095, "timestamp": "2026-07-03T06:00:00"}