{"sleep_efficiency": 0.8754158717530847, "deep_sleep_ratio": 0.2688552866436988, "sfi": 4.206795142874041, "hrv_rmssd": 49.46875387638408, "timestamp": "2026-08-15T06:00:00"}