{"sleep_efficiency": 0.8321474081311312, "deep_sleep_ratio": 0.26952808356841407, "sfi": 5.594163387563819, "hrv_rmssd": 44.82828438892993, "timestamp": "2026-07-12T06:00:00"}