{"sleep_efficiency": 0.9059873999797832, "deep_sleep_ratio": 0.2866660517919115, "sfi": 3.0553002816158097, "hrv_rmssd": 47.30196304620889, "timestamp": "2026-07-14T06:00:00"}