{"sleep_efficiency": 0.9047009985483969, "deep_sleep_ratio": 0.3265091451274645, "sfi": 0.5145554540476911, "hrv_rmssd": 40.55339942666841, "timestamp": "2026-07-24T06:00:00"}