{"sleep_efficiency": 0.9273585866491496, "deep_sleep_ratio": 0.2670771925965479, "sfi": 2.7167178441307867, "hrv_rmssd": 56.31298319984967, "timestamp": "2026-07-30T06:00:00"}