{"sleep_efficiency": 0.8862287511852234, "deep_sleep_ratio": 0.2817419883764559, "sfi": 3.105717353012478, "hrv_rmssd": 41.96738957291091, "timestamp": "2026-07-29T06:00:00"}