{"sleep_efficiency": 0.8602350576262762, "deep_sleep_ratio": 0.3038273968682849, "sfi": 4.17687946061442, "hrv_rmssd": 54.50113077708874, "timestamp": "2026-08-02T06:00:00"}