{"sleep_efficiency": 0.8545385254661246, "deep_sleep_ratio": 0.3500461056519455, "sfi": 7.097679632977586, "hrv_rmssd": 51.691365560367835, "timestamp": "2026-08-11T06:00:00"}