{"sleep_efficiency": 0.7545847461260553, "deep_sleep_ratio": 0.3263611261074022, "sfi": 4.125050929197871, "hrv_rmssd": 55.993420462076685, "timestamp": "2026-07-27T06:00:00"}