{"sleep_efficiency": 0.8814045251265361, "deep_sleep_ratio": 0.27867230213636524, "sfi": 3.611329037525079, "hrv_rmssd": 42.63687913169342, "timestamp": "2026-07-10T06:00:00"}