{"sleep_efficiency": 0.8104953341231348, "deep_sleep_ratio": 0.2743256235766338, "sfi": 5.423062542131996, "hrv_rmssd": 47.171856465536315, "timestamp": "2026-08-13T06:00:00"}