{"sleep_efficiency": 0.8403086739524434, "deep_sleep_ratio": 0.32687193639840373, "sfi": 4.723192962920373, "hrv_rmssd": 38.15772279038451, "timestamp": "2026-08-05T06:00:00"}