{"sleep_efficiency": 0.8675895082229418, "deep_sleep_ratio": 0.3074741214607316, "sfi": 5.65243769406743, "hrv_rmssd": 48.62327902322183, "timestamp": "2026-08-12T06:00:00"}