{"sleep_efficiency": 0.8564955348866043, "deep_sleep_ratio": 0.3261347681598897, "sfi": 2.9976491335219198, "hrv_rmssd": 47.193393138097115, "timestamp": "2026-07-22T06:00:00"}