{"sleep_efficiency": 0.8071708729183109, "deep_sleep_ratio": 0.25136788727677317, "sfi": 1.9345875440695397, "hrv_rmssd": 47.81602879192973, "timestamp": "2026-08-08T06:00:00"}