{"sleep_efficiency": 0.8265168354458856, "deep_sleep_ratio": 0.34040446438657934, "sfi": 3.5546580012198867, "hrv_rmssd": 47.277897559346755, "timestamp": "2026-07-09T06:00:00"}