{"sleep_efficiency": 0.8704890963304568, "deep_sleep_ratio": 0.3544390263751287, "sfi": 4.57083251684028, "hrv_rmssd": 38.75387522447962, "timestamp": "2026-08-10T06:00:00"}