{"sleep_efficiency": 0.930590459876992, "deep_sleep_ratio": 0.31527341518984625, "sfi": 4.464810948472237, "hrv_rmssd": 45.50571015356525, "timestamp": "2026-08-06T06:00:00"}