{"sleep_efficiency": 0.8231781458664787, "deep_sleep_ratio": 0.29918345813543834, "sfi": 5.504465551448036, "hrv_rmssd": 53.928134844571545, "timestamp": "2026-08-17T06:00:00"}