{"sad_ratio": 0.03049968699644696, "avg_speed": 3.690109856750962, "avg_pitch": 202.3622656858417, "distress_events": 0.09020730496509954, "timestamp": "2026-08-08T23:59:59"}