{"sad_ratio": 0.13990425432895232, "avg_speed": 5.1655581507904476, "avg_pitch": 196.33298655137276, "distress_events": 0.12776933077658603, "timestamp": "2026-07-04T23:59:59"}