{"sad_ratio": 0.03297214082664374, "avg_speed": 3.8256115480588075, "avg_pitch": 210.60425721181826, "distress_events": 0.0, "timestamp": "2026-07-15T23:59:59"}