{"sad_ratio": 0.05547424657509248, "avg_speed": 3.5097440152568606, "avg_pitch": 215.85328560629534, "distress_events": 0.21550008747863267, "timestamp": "2026-07-03T23:59:59"}