{"sad_ratio": 0.03803751959340135, "avg_speed": 3.7870603994516734, "avg_pitch": 219.31908998620042, "distress_events": 0.43410990483850453, "timestamp": "2026-07-01T23:59:59"}