{"sad_ratio": 0.08271021579195115, "avg_speed": 3.731805904623606, "avg_pitch": 192.97777074970338, "distress_events": 0.28879484649949855, "timestamp": "2026-08-10T23:59:59"}