{"sad_ratio": 0.004469439728014946, "avg_speed": 4.729499371463366, "avg_pitch": 223.66682924101772, "distress_events": 0.015638244887030417, "timestamp": "2026-07-16T23:59:59"}