{"sad_ratio": 0.06977340066221951, "avg_speed": 3.835598723858898, "avg_pitch": 230.36168757280018, "distress_events": 0.0, "timestamp": "2026-08-09T23:59:59"}