{"sad_ratio": 0.040033872482231954, "avg_speed": 4.76952339001254, "avg_pitch": 219.27399547984203, "distress_events": 0.14759576896732327, "timestamp": "2026-07-25T23:59:59"}