{"sad_ratio": 0.02739004953991467, "avg_speed": 3.9753890908388834, "avg_pitch": 224.1495405828986, "distress_events": 0.0, "timestamp": "2026-08-12T23:59:59"}