{"sad_ratio": 0.07827810833598225, "avg_speed": 4.582062226906409, "avg_pitch": 201.77747043479692, "distress_events": 0.0, "timestamp": "2026-08-15T23:59:59"}