{"sad_ratio": 0.051160170660851385, "avg_speed": 4.510128629628098, "avg_pitch": 189.3060388392454, "distress_events": 0.0, "timestamp": "2026-08-14T23:59:59"}