{"sad_ratio": 0.006511925352083954, "avg_speed": 4.059235320215811, "avg_pitch": 212.28128747115622, "distress_events": 0.011236948120704957, "timestamp": "2026-08-07T23:59:59"}