{"sad_ratio": 0.04356024354399148, "avg_speed": 4.429652883745612, "avg_pitch": 224.77237179786133, "distress_events": 0.0027795692875943606, "timestamp": "2026-08-16T23:59:59"}