{"sad_ratio": 0.0049310514995455496, "avg_speed": 3.6200625704312164, "avg_pitch": 210.94091753647987, "distress_events": 0.09604552415374534, "timestamp": "2026-08-11T23:59:59"}