{"sad_ratio": 0.011649538351751372, "avg_speed": 4.060096009012926, "avg_pitch": 201.5300254592029, "distress_events": 0.3210790081415672, "timestamp": "2026-07-08T23:59:59"}