{"sad_ratio": 0.012968034812951182, "avg_speed": 3.70873664311282, "avg_pitch": 210.93168501095352, "distress_events": 0.0, "timestamp": "2026-08-18T23:59:59"}