{"sad_ratio": 0.10347733408202361, "avg_speed": 4.479753144551384, "avg_pitch": 200.42488793588265, "distress_events": 0.0, "timestamp": "2026-07-22T23:59:59"}