{"sad_ratio": 0.001073862781295988, "avg_speed": 4.379803382161277, "avg_pitch": 204.5423622354395, "distress_events": 0.13226304534313016, "timestamp": "2026-08-04T23:59:59"}