{"sad_ratio": 0.0008561272483973148, "avg_speed": 4.328102635625054, "avg_pitch": 198.66992909961502, "distress_events": 0.17137216723568682, "timestamp": "2026-07-13T23:59:59"}