{"sad_ratio": 0.09130831787998331, "avg_speed": 4.124396690388417, "avg_pitch": 227.15473416700527, "distress_events": 0.0, "timestamp": "2026-07-29T23:59:59"}