{"sad_ratio": 0.014226614027189954, "avg_speed": 4.4444328062524185, "avg_pitch": 217.89311769821424, "distress_events": 0.10098013118957266, "timestamp": "2026-07-23T23:59:59"}