{"sad_ratio": 0.008229013402366737, "avg_speed": 3.813310862961834, "avg_pitch": 217.87070797550066, "distress_events": 0.1408430580694183, "timestamp": "2026-07-07T23:59:59"}