{"sad_ratio": 0.045784483882134554, "avg_speed": 4.619613185900896, "avg_pitch": 204.35407960236344, "distress_events": 0.3433418994311984, "timestamp": "2026-07-11T23:59:59"}