{"sad_ratio": 0.0, "avg_speed": 4.276703167412244, "avg_pitch": 211.99433651318196, "distress_events": 0.0899755096585115, "timestamp": "2026-08-02T23:59:59"}