{"sad_ratio": 0.04056213601396341, "avg_speed": 4.328473837420927, "avg_pitch": 211.9716269863061, "distress_events": 0.0, "timestamp": "2026-08-01T23:59:59"}