{"sad_ratio": 0.013972466148231825, "avg_speed": 4.267999737873461, "avg_pitch": 210.72333865125918, "distress_events": 0.2548853727877163, "timestamp": "2026-07-12T23:59:59"}