{"sad_ratio": 0.012394613179605395, "avg_speed": 3.7633295930260764, "avg_pitch": 203.53487639558563, "distress_events": 0.07090263414813125, "timestamp": "2026-07-26T23:59:59"}