{"sad_ratio": 0.03824065918553348, "avg_speed": 4.037195913766399, "avg_pitch": 211.37737826869602, "distress_events": 0.048413254484267226, "timestamp": "2026-07-02T23:59:59"}