{"sad_ratio": 0.026354208524284373, "avg_speed": 3.946984927396567, "avg_pitch": 187.25402318573023, "distress_events": 0.20044789093787962, "timestamp": "2026-07-18T23:59:59"}