{"sad_ratio": 0.04428324661369465, "avg_speed": 4.079374044055726, "avg_pitch": 185.70816181414946, "distress_events": 0.024325068696255864, "timestamp": "2026-07-30T23:59:59"}