{"sad_ratio": 0.07633296516757083, "avg_speed": 4.22456006401559, "avg_pitch": 225.7125308480062, "distress_events": 0.36545408680185676, "timestamp": "2026-07-10T23:59:59"}