{"sad_ratio": 0.05326911912187836, "avg_speed": 4.560427924698566, "avg_pitch": 228.14143385915884, "distress_events": 0.23316582075020253, "timestamp": "2026-07-31T23:59:59"}