{"sad_ratio": 0.03194998748855744, "avg_speed": 4.550650874001384, "avg_pitch": 199.89400261085032, "distress_events": 0.12888944833707067, "timestamp": "2026-08-03T23:59:59"}