{"sad_ratio": 0.0, "avg_speed": 3.757946694647436, "avg_pitch": 230.90412992104402, "distress_events": 0.22607605381431528, "timestamp": "2026-07-20T23:59:59"}