{"sad_ratio": 0.03038618816773593, "avg_speed": 3.5200531725899284, "avg_pitch": 209.70240531879858, "distress_events": 0.23712106624831675, "timestamp": "2026-08-06T23:59:59"}