{"sad_ratio": 0.047083052925275246, "avg_speed": 4.194134382381239, "avg_pitch": 214.00287871906895, "distress_events": 0.0, "timestamp": "2026-08-13T23:59:59"}