{"sad_ratio": 0.05633812125510723, "avg_speed": 4.207326789933289, "avg_pitch": 208.39533216749996, "distress_events": 0.059813234650816505, "timestamp": "2026-07-19T23:59:59"}