{"sad_ratio": 0.027217763706903056, "avg_speed": 4.217558126072709, "avg_pitch": 209.9724430365359, "distress_events": 0.0, "timestamp": "2026-07-27T23:59:59"}