{"sad_ratio": 0.04101970281730839, "avg_speed": 4.15000414276939, "avg_pitch": 211.23719055923172, "distress_events": 0.0, "timestamp": "2026-07-14T23:59:59"}