{"sad_ratio": 0.03623069411211754, "avg_speed": 3.9169348305957636, "avg_pitch": 215.68261549083056, "distress_events": 0.0, "timestamp": "2026-07-09T23:59:59"}