{"sad_ratio": 0.010270607642317721, "avg_speed": 4.857164651312765, "avg_pitch": 198.73176077639297, "distress_events": 0.11521971987088275, "timestamp": "2026-07-21T23:59:59"}