{"sad_ratio": 0.0, "avg_speed": 4.603000086651981, "avg_pitch": 207.70544608565226, "distress_events": 0.3604739284690516, "timestamp": "2026-07-05T23:59:59"}