{"sad_ratio": 0.03403579336903586, "avg_speed": 4.434653240659448, "avg_pitch": 217.57948410508172, "distress_events": 0.0, "timestamp": "2026-07-24T23:59:59"}