{"sad_ratio": 0.04911907196046135, "avg_speed": 4.7216976783826485, "avg_pitch": 220.23888162686325, "distress_events": 0.0, "timestamp": "2026-08-05T23:59:59"}