{"sad_ratio": 0.09197486295829096, "avg_speed": 3.8438992913241314, "avg_pitch": 212.81276314750647, "distress_events": 0.0, "timestamp": "2026-07-06T23:59:59"}