{"sad_ratio": 0.038581545163382115, "avg_speed": 3.2787609889727687, "avg_pitch": 204.51148175585627, "distress_events": 0.28334969439046553, "timestamp": "2026-08-19T23:59:59"}