{"sad_ratio": 0.02381295089157136, "avg_speed": 4.698047775990682, "avg_pitch": 195.2593822751048, "distress_events": 0.043065161611412044, "timestamp": "2026-07-17T23:59:59"}