{"sad_ratio": 0.07035541691897754, "avg_speed": 4.061622334386013, "avg_pitch": 231.32492638333272, "distress_events": 0.0025533613666997856, "timestamp": "2026-07-28T23:59:59"}