{"sad_ratio": 0.0, "avg_speed": 3.9067862364898973, "avg_pitch": 226.6088183293235, "distress_events": 0.15135849772655835, "timestamp": "2026-08-17T23:59:59"}