{"sad_ratio": 0.03194697352121752, "avg_speed": 4.373980877682987, "avg_pitch": 213.78131732344406, "distress_events": 0.1867898820816955, "timestamp": "2026-08-17T23:59:59"}