{"sad_ratio": 0.05235435168137772, "avg_speed": 4.589023018549886, "avg_pitch": 192.08979061231824, "distress_events": 0.37008989848083496, "timestamp": "2026-07-18T23:59:59"}