{"sad_ratio": 0.07819349115046718, "avg_speed": 4.583644460181072, "avg_pitch": 223.03028101343259, "distress_events": 0.4388568478210404, "timestamp": "2026-08-10T23:59:59"}