{"sad_ratio": 0.04786086707484644, "avg_speed": 3.8747489787879186, "avg_pitch": 191.99522871838576, "distress_events": 0.18786224508531268, "timestamp": "2026-07-27T23:59:59"}