{"sad_ratio": 0.04221547608814954, "avg_speed": 4.8884642990140605, "avg_pitch": 211.7026917785578, "distress_events": 0.20525414439890502, "timestamp": "2026-08-16T23:59:59"}