{"sad_ratio": 0.03198990535143971, "avg_speed": 3.578772160926329, "avg_pitch": 194.45218686169918, "distress_events": 0.48519445196683664, "timestamp": "2026-07-31T23:59:59"}