{"sad_ratio": 0.0, "avg_speed": 4.304502178345955, "avg_pitch": 200.9390564582504, "distress_events": 0.007291788031389981, "timestamp": "2026-08-06T23:59:59"}