{"sad_ratio": 0.023440796491721896, "avg_speed": 4.1268063768372665, "avg_pitch": 205.39777429238478, "distress_events": 0.18007381654971663, "timestamp": "2026-07-08T23:59:59"}