{"sad_ratio": 0.058729564705932685, "avg_speed": 4.388271871974591, "avg_pitch": 206.501090883432, "distress_events": 0.2815741653329832, "timestamp": "2026-07-28T23:59:59"}