{"sad_ratio": 0.03899072917855823, "avg_speed": 3.9694822425861207, "avg_pitch": 201.75154504295423, "distress_events": 0.06409690369333182, "timestamp": "2026-08-14T23:59:59"}