{"sad_ratio": 0.0375156698106768, "avg_speed": 3.9960389811028567, "avg_pitch": 202.46553825561307, "distress_events": 0.23451634192529866, "timestamp": "2026-07-11T23:59:59"}