{"sad_ratio": 0.0492175473236828, "avg_speed": 4.208489101397849, "avg_pitch": 209.21217583702557, "distress_events": 0.11045233602079499, "timestamp": "2026-08-08T23:59:59"}