{"sad_ratio": 0.07092560737490937, "avg_speed": 4.194376838698292, "avg_pitch": 194.30261942189256, "distress_events": 0.3405153901159491, "timestamp": "2026-08-12T23:59:59"}