{"sad_ratio": 0.05719010219813579, "avg_speed": 4.587977667528669, "avg_pitch": 193.0639172557647, "distress_events": 0.0, "timestamp": "2026-08-11T23:59:59"}