{"sad_ratio": 0.04351102868559621, "avg_speed": 4.39912706363201, "avg_pitch": 202.7836668707063, "distress_events": 0.407338787291888, "timestamp": "2026-07-23T23:59:59"}