{"sad_ratio": 0.03635488742130358, "avg_speed": 4.2409436720200375, "avg_pitch": 206.48498608676368, "distress_events": 0.057192010163554456, "timestamp": "2026-07-20T23:59:59"}