{"sad_ratio": 0.04335036042976443, "avg_speed": 4.22342245975132, "avg_pitch": 219.57822317956726, "distress_events": 0.12924608974655105, "timestamp": "2026-08-19T23:59:59"}