{"sad_ratio": 0.07415809382239659, "avg_speed": 4.421841267562616, "avg_pitch": 199.97354759547522, "distress_events": 0.0, "timestamp": "2026-08-03T23:59:59"}