{"sad_ratio": 0.020696592903790164, "avg_speed": 4.082635169669398, "avg_pitch": 196.02439729060703, "distress_events": 0.0485653486027972, "timestamp": "2026-07-01T23:59:59"}