{"sad_ratio": 0.03264441207256623, "avg_speed": 4.462057936116153, "avg_pitch": 204.29242746806534, "distress_events": 0.0, "timestamp": "2026-08-07T23:59:59"}