{"sad_ratio": 0.01456894849203946, "avg_speed": 4.524374166761994, "avg_pitch": 211.63518139450963, "distress_events": 0.01475175281509819, "timestamp": "2026-08-04T23:59:59"}