{"sad_ratio": 0.015510992732690014, "avg_speed": 4.562563079252297, "avg_pitch": 195.4249685351092, "distress_events": 0.23370911124476207, "timestamp": "2026-08-18T23:59:59"}