{"sad_ratio": 0.04383471549049175, "avg_speed": 3.8499224307072386, "avg_pitch": 187.9716939454678, "distress_events": 0.27056105077210235, "timestamp": "2026-08-02T23:59:59"}