{"sad_ratio": 0.018597651681682252, "avg_speed": 4.38158465793354, "avg_pitch": 219.94217829984348, "distress_events": 0.024066240828009636, "timestamp": "2026-07-15T23:59:59"}