{"sad_ratio": 0.014623697280265281, "avg_speed": 4.5442789376369905, "avg_pitch": 228.77253784922794, "distress_events": 0.16946443462929384, "timestamp": "2026-07-16T23:59:59"}