{"sad_ratio": 0.04033116454075807, "avg_speed": 4.130570975943079, "avg_pitch": 221.58525271639218, "distress_events": 0.0, "timestamp": "2026-07-10T23:59:59"}