{"sad_ratio": 0.0368468348586987, "avg_speed": 4.044521569459843, "avg_pitch": 195.49814839988923, "distress_events": 0.0, "timestamp": "2026-07-07T23:59:59"}