{"sad_ratio": 0.02728791603188359, "avg_speed": 3.7183976096337616, "avg_pitch": 197.73480176313709, "distress_events": 0.0, "timestamp": "2026-08-01T23:59:59"}