{"sad_ratio": 0.03301920505124527, "avg_speed": 4.661262132262612, "avg_pitch": 205.97467422460892, "distress_events": 0.07799316394307611, "timestamp": "2026-07-14T23:59:59"}