{"sad_ratio": 0.014189540227057984, "avg_speed": 4.188739457284888, "avg_pitch": 184.22968075042826, "distress_events": 0.3310433159170996, "timestamp": "2026-08-13T23:59:59"}