{"sad_ratio": 0.02623672009499809, "avg_speed": 4.481071448071943, "avg_pitch": 221.69061866961653, "distress_events": 0.23560143273247067, "timestamp": "2026-07-03T23:59:59"}