{"sad_ratio": 0.043937380264395594, "avg_speed": 4.1085113887500855, "avg_pitch": 200.14466754994095, "distress_events": 0.2908945507504379, "timestamp": "2026-08-05T23:59:59"}