{"sad_ratio": 0.06599099425385752, "avg_speed": 4.642496387472166, "avg_pitch": 217.9649062500664, "distress_events": 0.13021174495049606, "timestamp": "2026-07-30T23:59:59"}