{"sad_ratio": 0.04704986457021274, "avg_speed": 4.083116339009267, "avg_pitch": 202.38614984956664, "distress_events": 0.027405475141873234, "timestamp": "2026-08-15T23:59:59"}