{"sad_ratio": 0.048730315020607685, "avg_speed": 4.56564476967285, "avg_pitch": 214.45372803514218, "distress_events": 0.25301736257683155, "timestamp": "2026-07-02T23:59:59"}