{"sad_ratio": 0.056647464055022474, "avg_speed": 3.384840221570167, "avg_pitch": 198.56649347739236, "distress_events": 0.10324483738604263, "timestamp": "2026-07-13T23:59:59"}