{"sad_ratio": 0.09615450493935873, "avg_speed": 4.144276545956368, "avg_pitch": 175.2319269962052, "distress_events": 0.3162437612246093, "timestamp": "2026-07-22T23:59:59"}