{"sad_ratio": 0.08233046907974853, "avg_speed": 4.079342532684395, "avg_pitch": 203.09660078397675, "distress_events": 0.15488383920460508, "timestamp": "2026-07-04T23:59:59"}