{"sad_ratio": 0.0324152424006199, "avg_speed": 4.754531798430766, "avg_pitch": 203.8859680171749, "distress_events": 0.16944558696159345, "timestamp": "2026-07-09T23:59:59"}