{"sad_ratio": 0.03285893723283516, "avg_speed": 4.324372172138345, "avg_pitch": 177.06960382545492, "distress_events": 0.0, "timestamp": "2026-07-19T23:59:59"}