{"sad_ratio": 0.039983483349770074, "avg_speed": 4.56673404089515, "avg_pitch": 203.02581481989728, "distress_events": 0.0042653090396878035, "timestamp": "2026-07-12T23:59:59"}