{"sad_ratio": 0.03723232777208158, "avg_speed": 4.826430211188319, "avg_pitch": 209.86373180527937, "distress_events": 0.0, "timestamp": "2026-07-29T23:59:59"}