{"sad_ratio": 0.024950226012800787, "avg_speed": 4.380313527248875, "avg_pitch": 205.5364465757586, "distress_events": 0.0, "timestamp": "2026-07-25T23:59:59"}