{"sad_ratio": 0.020153649614253463, "avg_speed": 4.527166624437722, "avg_pitch": 216.50818802925818, "distress_events": 0.2856754798274188, "timestamp": "2026-07-05T23:59:59"}