{"sad_ratio": 0.02334357684099092, "avg_speed": 4.508379368297255, "avg_pitch": 187.52450834177174, "distress_events": 0.0, "timestamp": "2026-08-09T23:59:59"}