{"sad_ratio": 0.049655279174978424, "avg_speed": 4.107712349508289, "avg_pitch": 214.76295479655488, "distress_events": 0.2584996107381089, "timestamp": "2026-07-06T23:59:59"}