{"sad_ratio": 0.02486574351370368, "avg_speed": 3.9784613829601554, "avg_pitch": 209.66712198828824, "distress_events": 0.2116061112450465, "timestamp": "2026-07-26T23:59:59"}