{"sad_ratio": 0.04208622049497031, "avg_speed": 4.100279800978597, "avg_pitch": 205.99603021283508, "distress_events": 0.19439725314517486, "timestamp": "2026-07-17T23:59:59"}