{"sad_ratio": 0.04086674344934351, "avg_speed": 4.452249735020625, "avg_pitch": 189.33293185455233, "distress_events": 0.0, "timestamp": "2026-07-21T23:59:59"}