{"sad_ratio": 0.0634755036329073, "avg_speed": 3.995412573837555, "avg_pitch": 210.47282527405358, "distress_events": 0.0, "timestamp": "2026-07-24T23:59:59"}