{"sleep_efficiency": 0.8517033071708008, "deep_sleep_ratio": 0.31544503376920685, "sfi": 5.187310617801109, "hrv_rmssd": 42.42477072651119, "timestamp": "2026-08-17T06:00:00"}