{"sleep_efficiency": 0.873095867117889, "deep_sleep_ratio": 0.3023817726933001, "sfi": 5.127468641678262, "hrv_rmssd": 46.822663026224404, "timestamp": "2026-08-16T06:00:00"}