{"sleep_efficiency": 0.8394544713539324, "deep_sleep_ratio": 0.32378828258254366, "sfi": 6.753315489546439, "hrv_rmssd": 55.20614210639042, "timestamp": "2026-08-02T06:00:00"}