{"sleep_efficiency": 0.7752756882888246, "deep_sleep_ratio": 0.28054621838858584, "sfi": 5.744293050552272, "hrv_rmssd": 49.80322710851273, "timestamp": "2026-07-27T06:00:00"}