{"sleep_efficiency": 0.8350072907351227, "deep_sleep_ratio": 0.2658748222564016, "sfi": 6.196242907150186, "hrv_rmssd": 53.413754398040055, "timestamp": "2026-07-08T06:00:00"}