{"sleep_efficiency": 0.8750660638671289, "deep_sleep_ratio": 0.28113382377969226, "sfi": 4.493664111483241, "hrv_rmssd": 47.486004660949334, "timestamp": "2026-07-22T06:00:00"}