{"sleep_efficiency": 0.8775695485802881, "deep_sleep_ratio": 0.26505097080598017, "sfi": 5.44125476340176, "hrv_rmssd": 58.7271601646124, "timestamp": "2026-08-12T06:00:00"}