{"sleep_efficiency": 0.9307131764588839, "deep_sleep_ratio": 0.3443381314432514, "sfi": 4.2228720527445285, "hrv_rmssd": 41.40111583848648, "timestamp": "2026-07-02T06:00:00"}