{"sleep_efficiency": 0.7735628622121608, "deep_sleep_ratio": 0.25761700959420786, "sfi": 3.6222579409126623, "hrv_rmssd": 44.67526249297632, "timestamp": "2026-08-08T06:00:00"}