{"sleep_efficiency": 0.6764507356987934, "deep_sleep_ratio": 0.19243747683428383, "sfi": 6.46878267616561, "hrv_rmssd": 46.69235073346708, "timestamp": "2026-07-25T06:00:00"}