{"sleep_efficiency": 0.8751740093350105, "deep_sleep_ratio": 0.27988573123468635, "sfi": 6.8343930622418725, "hrv_rmssd": 50.210089235878876, "timestamp": "2026-08-01T06:00:00"}