{"sleep_efficiency": 0.7738087055115932, "deep_sleep_ratio": 0.28921579557195554, "sfi": 2.8148223948519675, "hrv_rmssd": 48.02125998118553, "timestamp": "2026-08-09T06:00:00"}