{"sleep_efficiency": 0.7871882488930577, "deep_sleep_ratio": 0.2893180593339803, "sfi": 4.708999179523358, "hrv_rmssd": 49.72792396215721, "timestamp": "2026-07-20T06:00:00"}