{"sleep_efficiency": 0.9235245498011927, "deep_sleep_ratio": 0.29963364952621857, "sfi": 6.562905534779901, "hrv_rmssd": 44.99091091177203, "timestamp": "2026-08-18T06:00:00"}