{"sleep_efficiency": 0.8641173552795541, "deep_sleep_ratio": 0.33040415941580853, "sfi": 2.059260460218496, "hrv_rmssd": 42.17116420302253, "timestamp": "2026-08-06T06:00:00"}