{"sleep_efficiency": 0.8881313204191608, "deep_sleep_ratio": 0.2603875348843636, "sfi": 5.245820131964631, "hrv_rmssd": 57.662183514500335, "timestamp": "2026-07-19T06:00:00"}