{"sleep_efficiency": 0.9046671329042985, "deep_sleep_ratio": 0.2989376891461305, "sfi": 3.3268949074769294, "hrv_rmssd": 45.5848060279248, "timestamp": "2026-07-06T06:00:00"}