{"sleep_efficiency": 0.9023288464512941, "deep_sleep_ratio": 0.31555598253737005, "sfi": 4.249346002646687, "hrv_rmssd": 48.444156422223195, "timestamp": "2026-07-21T06:00:00"}