{"sleep_efficiency": 0.8455520495296728, "deep_sleep_ratio": 0.27184763061400213, "sfi": 3.941947162905211, "hrv_rmssd": 36.519369077117716, "timestamp": "2026-07-15T06:00:00"}