{"sleep_efficiency": 0.7842074112217308, "deep_sleep_ratio": 0.3338356492731547, "sfi": 2.5019191073574576, "hrv_rmssd": 46.74594377689056, "timestamp": "2026-08-07T06:00:00"}