{"sleep_efficiency": 0.8306537042743068, "deep_sleep_ratio": 0.26732767472081637, "sfi": 6.375010314289334, "hrv_rmssd": 51.930238469426435, "timestamp": "2026-07-24T06:00:00"}