{"sleep_efficiency": 0.8407848172682618, "deep_sleep_ratio": 0.3216256703754491, "sfi": 4.437440193078413, "hrv_rmssd": 47.79185208926485, "timestamp": "2026-07-03T06:00:00"}