{"sleep_efficiency": 0.9074674070268, "deep_sleep_ratio": 0.26699638303137363, "sfi": 4.037984320255176, "hrv_rmssd": 49.59357021935327, "timestamp": "2026-08-04T06:00:00"}