{"sleep_efficiency": 0.7147031314678568, "deep_sleep_ratio": 0.27041511092662696, "sfi": 6.270830098670414, "hrv_rmssd": 42.794735103988565, "timestamp": "2026-07-07T06:00:00"}