{"sleep_efficiency": 0.8607100838922402, "deep_sleep_ratio": 0.28827195123028554, "sfi": 6.238179561407317, "hrv_rmssd": 50.71928031207019, "timestamp": "2026-07-28T06:00:00"}