{"sleep_efficiency": 0.950988933118472, "deep_sleep_ratio": 0.24996761845610438, "sfi": 5.014195832199606, "hrv_rmssd": 46.017887258280545, "timestamp": "2026-07-10T06:00:00"}