{"sleep_efficiency": 0.9077757284106263, "deep_sleep_ratio": 0.24639049481608863, "sfi": 5.333728775690083, "hrv_rmssd": 51.16593009978426, "timestamp": "2026-07-13T06:00:00"}