{"sleep_efficiency": 0.9611037877490677, "deep_sleep_ratio": 0.31623730620848656, "sfi": 3.8904750628929934, "hrv_rmssd": 48.30496490862486, "timestamp": "2026-07-16T06:00:00"}