{"sleep_efficiency": 0.9302957977269022, "deep_sleep_ratio": 0.25458702255851495, "sfi": 3.9264315544808293, "hrv_rmssd": 51.21249726696072, "timestamp": "2026-07-18T06:00:00"}