{"sleep_efficiency": 0.8487094588700661, "deep_sleep_ratio": 0.30582034345324266, "sfi": 7.275280342024729, "hrv_rmssd": 49.63568027553742, "timestamp": "2026-07-17T06:00:00"}