{"sleep_efficiency": 0.8767732592844756, "deep_sleep_ratio": 0.31650114030021903, "sfi": 4.82974590760492, "hrv_rmssd": 40.88432672470604, "timestamp": "2026-08-10T06:00:00"}