{"sleep_efficiency": 0.8574729925664223, "deep_sleep_ratio": 0.24708748191771537, "sfi": 3.913071450345383, "hrv_rmssd": 51.118467701867324, "timestamp": "2026-07-29T06:00:00"}