{"sleep_efficiency": 0.9223597185865073, "deep_sleep_ratio": 0.24980249574608185, "sfi": 4.664255348433715, "hrv_rmssd": 50.06124390268508, "timestamp": "2026-08-03T06:00:00"}