{"sleep_efficiency": 0.7694175236476195, "deep_sleep_ratio": 0.26801150642092, "sfi": 3.2085644302328866, "hrv_rmssd": 50.090240219011974, "timestamp": "2026-07-30T06:00:00"}