{"sleep_efficiency": 0.9017949107462603, "deep_sleep_ratio": 0.25957188811890963, "sfi": 2.4003418019189047, "hrv_rmssd": 52.56975544353042, "timestamp": "2026-07-12T06:00:00"}