{"sleep_efficiency": 0.7144061801694235, "deep_sleep_ratio": 0.29450812548039573, "sfi": 2.3455292507236143, "hrv_rmssd": 46.32351423639066, "timestamp": "2026-07-14T06:00:00"}