{"sleep_efficiency": 0.7609910628827312, "deep_sleep_ratio": 0.34784755652723026, "sfi": 4.199564346623344, "hrv_rmssd": 50.28124939289305, "timestamp": "2026-07-01T06:00:00"}