{"sleep_efficiency": 0.7790457477496949, "deep_sleep_ratio": 0.31590115747497866, "sfi": 4.305090784019199, "hrv_rmssd": 46.36402337677201, "timestamp": "2026-08-13T06:00:00"}