{"sleep_efficiency": 0.9146184241558681, "deep_sleep_ratio": 0.230416552639174, "sfi": 4.476462765824182, "hrv_rmssd": 53.476765713873775, "timestamp": "2026-08-11T06:00:00"}