{"sleep_efficiency": 0.8892775706301743, "deep_sleep_ratio": 0.3520184926312522, "sfi": 1.8207763298213426, "hrv_rmssd": 52.41602349387056, "timestamp": "2026-08-19T06:00:00"}