{"sleep_efficiency": 0.8149363616390715, "deep_sleep_ratio": 0.30323948956678215, "sfi": 4.083162969202243, "hrv_rmssd": 47.89426829457183, "timestamp": "2026-07-26T06:00:00"}