{"sleep_efficiency": 0.7783534122234871, "deep_sleep_ratio": 0.2726325495293966, "sfi": 5.271183907935701, "hrv_rmssd": 39.71187953829571, "timestamp": "2026-08-15T06:00:00"}