{"sleep_efficiency": 0.7417672085841638, "deep_sleep_ratio": 0.30871889181992423, "sfi": 3.5594908935585137, "hrv_rmssd": 54.09917396285342, "timestamp": "2026-08-05T06:00:00"}