{"sleep_efficiency": 0.9254865814228345, "deep_sleep_ratio": 0.2806810241698694, "sfi": 3.5897975058238867, "hrv_rmssd": 39.66458775628213, "timestamp": "2026-07-11T06:00:00"}