{"sleep_efficiency": 0.7928844243706203, "deep_sleep_ratio": 0.28000057424740443, "sfi": 2.816927939404274, "hrv_rmssd": 44.94825438792142, "timestamp": "2026-07-04T06:00:00"}