{"sleep_efficiency": 0.7998722005736977, "deep_sleep_ratio": 0.3447932106760841, "sfi": 4.0279874640935285, "hrv_rmssd": 51.39094285876515, "timestamp": "2026-07-31T06:00:00"}