{"sleep_efficiency": 0.8069732555453168, "deep_sleep_ratio": 0.3273368806183804, "sfi": 3.1281633119763037, "hrv_rmssd": 63.14383603771462, "timestamp": "2026-07-05T06:00:00"}