{"sleep_efficiency": 0.9162354390102404, "deep_sleep_ratio": 0.22865173389709803, "sfi": 4.692772844442823, "hrv_rmssd": 41.044625852730846, "timestamp": "2026-07-09T06:00:00"}