{"sleep_efficiency": 0.8528049141232572, "deep_sleep_ratio": 0.30311418206076685, "sfi": 3.61851943073155, "hrv_rmssd": 44.03671021993096, "timestamp": "2026-07-23T06:00:00"}