{"sleep_efficiency": 0.9165991932064173, "deep_sleep_ratio": 0.2275785949497858, "sfi": 5.323217321203223, "hrv_rmssd": 39.87913998179285, "timestamp": "2026-08-14T06:00:00"}